k,dimension,trajectoryNumber,heightnew,nodecounts,leafnodes,depthmean,depthsd,radiusmean,radiussd,pointsmean,pointssd,disfathermean,disfathersd
10,3,434874,1.8461539,4.471984989,1.4907,1.2653,0.1479,0.001045965,0.000752,0.6708,0.3687,0.0007,0.0008
50,3,434874,1.8461539,4.471984989,1.4907,1.2653,0.1479,0.001045965,0.000752,0.6708,0.3687,0.0007,0.0008
100,3,434874,1.8461539,4.471984989,1.4907,1.2653,0.1479,0.001045965,0.000752,0.6708,0.3687,0.0007,0.0008
200,3,434874,1.8461539,4.471984989,1.4907,1.2653,0.1479,0.001045965,0.000752,0.6708,0.3687,0.0007,0.0008
400,3,434874,1.8461539,4.471984989,1.4907,1.2653,0.1479,0.001045965,0.000752,0.6708,0.3687,0.0007,0.0008
600,3,434874,1.8461539,4.471984989,1.4907,1.2653,0.1479,0.001045965,0.000752,0.6708,0.3687,0.0007,0.0008
800,3,434874,1.8461539,4.471984989,1.4907,1.2653,0.1479,0.001045965,0.000752,0.6708,0.3687,0.0007,0.0008
1000,3,434874,1.8461539,4.471984989,1.4907,1.2653,0.1479,0.001045965,0.000752,0.6708,0.3687,0.0007,0.0008
10,2,1000,2,4.89,1.65,1.3236,0.3063,0.010762513,0.015093241,0.6061,0.281,0.022,0.0282
50,2,1000,2,4.89,1.65,1.3236,0.3063,0.010762513,0.015093241,0.6061,0.281,0.022,0.0282
100,2,1000,2,4.89,1.65,1.3236,0.3063,0.010762513,0.015093241,0.6061,0.281,0.022,0.0282
200,2,1000,2,4.89,1.65,1.3236,0.3063,0.010762513,0.015093241,0.6061,0.281,0.022,0.0282
400,2,1000,2,4.89,1.65,1.3236,0.3063,0.010762513,0.015093241,0.6061,0.281,0.022,0.0282
600,2,1000,2,4.89,1.65,1.3236,0.3063,0.010762513,0.015093241,0.6061,0.281,0.022,0.0282
800,2,1000,2,4.89,1.65,1.3236,0.3063,0.010762513,0.015093241,0.6061,0.281,0.022,0.0282
1000,2,1000,2,4.89,1.65,1.3236,0.3063,0.010762513,0.015093241,0.6061,0.281,0.022,0.0282
10,2,5000,1.8571428,5.118,1.71,1.3489,0.2652,0.009135567,0.017725916,0.5848,0.2663,0.0181,0.0324
50,2,5000,1.8571428,5.118,1.71,1.3489,0.2652,0.009135567,0.017725916,0.5848,0.2663,0.0181,0.0324
100,2,5000,1.8571428,5.118,1.71,1.3489,0.2652,0.009135567,0.017725916,0.5848,0.2663,0.0181,0.0324
200,2,5000,1.8571428,5.118,1.71,1.3489,0.2652,0.009135567,0.017725916,0.5848,0.2663,0.0181,0.0324
400,2,5000,1.8571428,5.118,1.71,1.3489,0.2652,0.009135567,0.017725916,0.5848,0.2663,0.0181,0.0324
600,2,5000,1.8571428,5.118,1.71,1.3489,0.2652,0.009135567,0.017725916,0.5848,0.2663,0.0181,0.0324
800,2,5000,1.8571428,5.118,1.71,1.3489,0.2652,0.009135567,0.017725916,0.5848,0.2663,0.0181,0.0324
1000,2,5000,1.8571428,5.118,1.71,1.3489,0.2652,0.009135567,0.017725916,0.5848,0.2663,0.0181,0.0324
10,2,10000,1.875,5.043,1.683,1.336,0.2443,0.006516096,0.01086356,0.5942,0.2827,0.0114,0.0237
50,2,10000,1.875,5.043,1.683,1.336,0.2443,0.006516096,0.01086356,0.5942,0.2827,0.0114,0.0237
100,2,10000,1.875,5.043,1.683,1.336,0.2443,0.006516096,0.01086356,0.5942,0.2827,0.0114,0.0237
200,2,10000,1.875,5.043,1.683,1.336,0.2443,0.006516096,0.01086356,0.5942,0.2827,0.0114,0.0237
400,2,10000,1.875,5.043,1.683,1.336,0.2443,0.006516096,0.01086356,0.5942,0.2827,0.0114,0.0237
600,2,10000,1.875,5.043,1.683,1.336,0.2443,0.006516096,0.01086356,0.5942,0.2827,0.0114,0.0237
800,2,10000,1.875,5.043,1.683,1.336,0.2443,0.006516096,0.01086356,0.5942,0.2827,0.0114,0.0237
1000,2,10000,1.875,5.043,1.683,1.336,0.2443,0.006516096,0.01086356,0.5942,0.2827,0.0114,0.0237
10,2,50000,1.9,4.8408,1.614,1.2699,0.1924,0.004533667,0.004909142,0.6196,0.3279,0.0057,0.0074
50,2,50000,1.9,4.8408,1.614,1.2699,0.1924,0.004533667,0.004909142,0.6196,0.3279,0.0057,0.0074
100,2,50000,1.9,4.8408,1.614,1.2699,0.1924,0.004533667,0.004909142,0.6196,0.3279,0.0057,0.0074
200,2,50000,1.9,4.8408,1.614,1.2699,0.1924,0.004533667,0.004909142,0.6196,0.3279,0.0057,0.0074
400,2,50000,1.9,4.8408,1.614,1.2699,0.1924,0.004533667,0.004909142,0.6196,0.3279,0.0057,0.0074
600,2,50000,1.9,4.8408,1.614,1.2699,0.1924,0.004533667,0.004909142,0.6196,0.3279,0.0057,0.0074
800,2,50000,1.9,4.8408,1.614,1.2699,0.1924,0.004533667,0.004909142,0.6196,0.3279,0.0057,0.0074
1000,2,50000,1.9,4.8408,1.614,1.2699,0.1924,0.004533667,0.004909142,0.6196,0.3279,0.0057,0.0074
10,2,100000,1.9090909,4.7919,1.5975,1.2511,0.1823,0.003765079,0.003549755,0.626,0.2973,0.004,0.005
50,2,100000,1.9090909,4.7919,1.5975,1.2511,0.1823,0.003765079,0.003549755,0.626,0.2973,0.004,0.005
100,2,100000,1.9090909,4.7919,1.5975,1.2511,0.1823,0.003765079,0.003549755,0.626,0.2973,0.004,0.005
200,2,100000,1.9090909,4.7919,1.5975,1.2511,0.1823,0.003765079,0.003549755,0.626,0.2973,0.004,0.005
400,2,100000,1.9090909,4.7919,1.5975,1.2511,0.1823,0.003765079,0.003549755,0.626,0.2973,0.004,0.005
600,2,100000,1.9090909,4.7919,1.5975,1.2511,0.1823,0.003765079,0.003549755,0.626,0.2973,0.004,0.005
800,2,100000,1.9090909,4.7919,1.5975,1.2511,0.1823,0.003765079,0.003549755,0.626,0.2973,0.004,0.005
1000,2,100000,1.9090909,4.7919,1.5975,1.2511,0.1823,0.003765079,0.003549755,0.626,0.2973,0.004,0.005
10,54,581000,1.6428572,4.611583477,1.5372,1.1695,0.1474,0.020277534,0.006731172,0.6505,0.2402,0.0112,0.0072
50,54,581000,1.6428572,4.611583477,1.5372,1.1695,0.1474,0.020277534,0.006731172,0.6505,0.2402,0.0112,0.0072
100,54,581000,1.6428572,4.611583477,1.5372,1.1695,0.1474,0.020277534,0.006731172,0.6505,0.2402,0.0112,0.0072
200,54,581000,1.6428572,4.611583477,1.5372,1.1695,0.1474,0.020277534,0.006731172,0.6505,0.2402,0.0112,0.0072
400,54,581000,1.6428572,4.611583477,1.5372,1.1695,0.1474,0.020277534,0.006731172,0.6505,0.2402,0.0112,0.0072
600,54,581000,1.6428572,4.611583477,1.5372,1.1695,0.1474,0.020277534,0.006731172,0.6505,0.2402,0.0112,0.0072
800,54,581000,1.6428572,4.611583477,1.5372,1.1695,0.1474,0.020277534,0.006731172,0.6505,0.2402,0.0112,0.0072
1000,54,581000,1.6428572,4.611583477,1.5372,1.1695,0.1474,0.020277534,0.006731172,0.6505,0.2402,0.0112,0.0072
10,2,1000,1.4,4.53,1.53,1.2078,0.1979,0.043145926,0.020036365,0.6536,0.1492,0.0264,0.0151
50,2,1000,1.4,4.53,1.53,1.2078,0.1979,0.043145926,0.020036365,0.6536,0.1492,0.0264,0.0151
100,2,1000,1.4,4.53,1.53,1.2078,0.1979,0.043145926,0.020036365,0.6536,0.1492,0.0264,0.0151
200,2,1000,1.4,4.53,1.53,1.2078,0.1979,0.043145926,0.020036365,0.6536,0.1492,0.0264,0.0151
400,2,1000,1.4,4.53,1.53,1.2078,0.1979,0.043145926,0.020036365,0.6536,0.1492,0.0264,0.0151
600,2,1000,1.4,4.53,1.53,1.2078,0.1979,0.043145926,0.020036365,0.6536,0.1492,0.0264,0.0151
800,2,1000,1.4,4.53,1.53,1.2078,0.1979,0.043145926,0.020036365,0.6536,0.1492,0.0264,0.0151
1000,2,1000,1.4,4.53,1.53,1.2078,0.1979,0.043145926,0.020036365,0.6536,0.1492,0.0264,0.0151
10,2,5000,1.5714285,4.524,1.512,1.199,0.1543,0.025017389,0.011779171,0.6614,0.1894,0.0165,0.0087
50,2,5000,1.5714285,4.524,1.512,1.199,0.1543,0.025017389,0.011779171,0.6614,0.1894,0.0165,0.0087
100,2,5000,1.5714285,4.524,1.512,1.199,0.1543,0.025017389,0.011779171,0.6614,0.1894,0.0165,0.0087
200,2,5000,1.5714285,4.524,1.512,1.199,0.1543,0.025017389,0.011779171,0.6614,0.1894,0.0165,0.0087
400,2,5000,1.5714285,4.524,1.512,1.199,0.1543,0.025017389,0.011779171,0.6614,0.1894,0.0165,0.0087
600,2,5000,1.5714285,4.524,1.512,1.199,0.1543,0.025017389,0.011779171,0.6614,0.1894,0.0165,0.0087
800,2,5000,1.5714285,4.524,1.512,1.199,0.1543,0.025017389,0.011779171,0.6614,0.1894,0.0165,0.0087
1000,2,5000,1.5714285,4.524,1.512,1.199,0.1543,0.025017389,0.011779171,0.6614,0.1894,0.0165,0.0087
10,2,10000,1.625,4.494,1.5,1.1798,0.1442,0.01761345,0.008781392,0.6667,0.1924,0.0121,0.0076
50,2,10000,1.625,4.494,1.5,1.1798,0.1442,0.01761345,0.008781392,0.6667,0.1924,0.0121,0.0076
100,2,10000,1.625,4.494,1.5,1.1798,0.1442,0.01761345,0.008781392,0.6667,0.1924,0.0121,0.0076
200,2,10000,1.625,4.494,1.5,1.1798,0.1442,0.01761345,0.008781392,0.6667,0.1924,0.0121,0.0076
400,2,10000,1.625,4.494,1.5,1.1798,0.1442,0.01761345,0.008781392,0.6667,0.1924,0.0121,0.0076
600,2,10000,1.625,4.494,1.5,1.1798,0.1442,0.01761345,0.008781392,0.6667,0.1924,0.0121,0.0076
800,2,10000,1.625,4.494,1.5,1.1798,0.1442,0.01761345,0.008781392,0.6667,0.1924,0.0121,0.0076
1000,2,10000,1.625,4.494,1.5,1.1798,0.1442,0.01761345,0.008781392,0.6667,0.1924,0.0121,0.0076
10,2,50000,1.7,4.6806,1.4814,1.25,0.1642,0.004797911,0.006165154,0.675,0.2915,0.005,0.0051
50,2,50000,1.7,4.6806,1.4814,1.25,0.1642,0.004797911,0.006165154,0.675,0.2915,0.005,0.0051
100,2,50000,1.7,4.6806,1.4814,1.25,0.1642,0.004797911,0.006165154,0.675,0.2915,0.005,0.0051
200,2,50000,1.7,4.6806,1.4814,1.25,0.1642,0.004797911,0.006165154,0.675,0.2915,0.005,0.0051
400,2,50000,1.7,4.6806,1.4814,1.25,0.1642,0.004797911,0.006165154,0.675,0.2915,0.005,0.0051
600,2,50000,1.7,4.6806,1.4814,1.25,0.1642,0.004797911,0.006165154,0.675,0.2915,0.005,0.0051
800,2,50000,1.7,4.6806,1.4814,1.25,0.1642,0.004797911,0.006165154,0.675,0.2915,0.005,0.0051
1000,2,50000,1.7,4.6806,1.4814,1.25,0.1642,0.004797911,0.006165154,0.675,0.2915,0.005,0.0051
10,2,100000,1.6363636,4.5813,1.2033,1.2379,0.1672,0.002457645,0.005140838,0.831,0.5403,0.0035,0.0041
50,2,100000,1.6363636,4.5813,1.2033,1.2379,0.1672,0.002457645,0.005140838,0.831,0.5403,0.0035,0.0041
100,2,100000,1.6363636,4.5813,1.2033,1.2379,0.1672,0.002457645,0.005140838,0.831,0.5403,0.0035,0.0041
200,2,100000,1.6363636,4.5813,1.2033,1.2379,0.1672,0.002457645,0.005140838,0.831,0.5403,0.0035,0.0041
400,2,100000,1.6363636,4.5813,1.2033,1.2379,0.1672,0.002457645,0.005140838,0.831,0.5403,0.0035,0.0041
600,2,100000,1.6363636,4.5813,1.2033,1.2379,0.1672,0.002457645,0.005140838,0.831,0.5403,0.0035,0.0041
800,2,100000,1.6363636,4.5813,1.2033,1.2379,0.1672,0.002457645,0.005140838,0.831,0.5403,0.0035,0.0041
1000,2,100000,1.6363636,4.5813,1.2033,1.2379,0.1672,0.002457645,0.005140838,0.831,0.5403,0.0035,0.0041
10,2,500000,1.4285715,4.05018,0.5611,1.1563,0.1647,0.00083,0.00331539,1.7823,1.5778,0.0017,0.0034
50,2,500000,1.4285715,4.05018,0.5611,1.1563,0.1647,0.00083,0.00331539,1.7823,1.5778,0.0017,0.0034
100,2,500000,1.4285715,4.05018,0.5611,1.1563,0.1647,0.00083,0.00331539,1.7823,1.5778,0.0017,0.0034
200,2,500000,1.4285715,4.05018,0.5611,1.1563,0.1647,0.00083,0.00331539,1.7823,1.5778,0.0017,0.0034
400,2,500000,1.4285715,4.05018,0.5611,1.1563,0.1647,0.00083,0.00331539,1.7823,1.5778,0.0017,0.0034
600,2,500000,1.4285715,4.05018,0.5611,1.1563,0.1647,0.00083,0.00331539,1.7823,1.5778,0.0017,0.0034
800,2,500000,1.4285715,4.05018,0.5611,1.1563,0.1647,0.00083,0.00331539,1.7823,1.5778,0.0017,0.0034
1000,2,500000,1.4285715,4.05018,0.5611,1.1563,0.1647,0.00083,0.00331539,1.7823,1.5778,0.0017,0.0034
10,10,1000,1.6,4.44,1.5,1.176,0.1773,0.145984129,0.042668846,0.6667,0.2274,0.0901,0.0484
50,10,1000,1.6,4.44,1.5,1.176,0.1773,0.145984129,0.042668846,0.6667,0.2274,0.0901,0.0484
100,10,1000,1.6,4.44,1.5,1.176,0.1773,0.145984129,0.042668846,0.6667,0.2274,0.0901,0.0484
200,10,1000,1.6,4.44,1.5,1.176,0.1773,0.145984129,0.042668846,0.6667,0.2274,0.0901,0.0484
400,10,1000,1.6,4.44,1.5,1.176,0.1773,0.145984129,0.042668846,0.6667,0.2274,0.0901,0.0484
600,10,1000,1.6,4.44,1.5,1.176,0.1773,0.145984129,0.042668846,0.6667,0.2274,0.0901,0.0484
800,10,1000,1.6,4.44,1.5,1.176,0.1773,0.145984129,0.042668846,0.6667,0.2274,0.0901,0.0484
1000,10,1000,1.6,4.44,1.5,1.176,0.1773,0.145984129,0.042668846,0.6667,0.2274,0.0901,0.0484
10,10,5000,2.142857,4.722,1.578,1.3911,0.3252,0.05346302,0.029636725,0.6337,0.2277,0.0311,0.0286
50,10,5000,2.142857,4.722,1.578,1.3911,0.3252,0.05346302,0.029636725,0.6337,0.2277,0.0311,0.0286
100,10,5000,2.142857,4.722,1.578,1.3911,0.3252,0.05346302,0.029636725,0.6337,0.2277,0.0311,0.0286
200,10,5000,2.142857,4.722,1.578,1.3911,0.3252,0.05346302,0.029636725,0.6337,0.2277,0.0311,0.0286
400,10,5000,2.142857,4.722,1.578,1.3911,0.3252,0.05346302,0.029636725,0.6337,0.2277,0.0311,0.0286
600,10,5000,2.142857,4.722,1.578,1.3911,0.3252,0.05346302,0.029636725,0.6337,0.2277,0.0311,0.0286
800,10,5000,2.142857,4.722,1.578,1.3911,0.3252,0.05346302,0.029636725,0.6337,0.2277,0.0311,0.0286
1000,10,5000,2.142857,4.722,1.578,1.3911,0.3252,0.05346302,0.029636725,0.6337,0.2277,0.0311,0.0286
10,10,10000,1.875,4.665,1.557,1.3184,0.2458,0.047433819,0.02434012,0.6423,0.2323,0.026,0.0207
50,10,10000,1.875,4.665,1.557,1.3184,0.2458,0.047433819,0.02434012,0.6423,0.2323,0.026,0.0207
100,10,10000,1.875,4.665,1.557,1.3184,0.2458,0.047433819,0.02434012,0.6423,0.2323,0.026,0.0207
200,10,10000,1.875,4.665,1.557,1.3184,0.2458,0.047433819,0.02434012,0.6423,0.2323,0.026,0.0207
400,10,10000,1.875,4.665,1.557,1.3184,0.2458,0.047433819,0.02434012,0.6423,0.2323,0.026,0.0207
600,10,10000,1.875,4.665,1.557,1.3184,0.2458,0.047433819,0.02434012,0.6423,0.2323,0.026,0.0207
800,10,10000,1.875,4.665,1.557,1.3184,0.2458,0.047433819,0.02434012,0.6423,0.2323,0.026,0.0207
1000,10,10000,1.875,4.665,1.557,1.3184,0.2458,0.047433819,0.02434012,0.6423,0.2323,0.026,0.0207
10,10,50000,1.8,4.8318,1.611,1.237,0.1585,0.037417305,0.018158285,0.6207,0.2383,0.0237,0.0169
50,10,50000,1.8,4.8318,1.611,1.237,0.1585,0.037417305,0.018158285,0.6207,0.2383,0.0237,0.0169
100,10,50000,1.8,4.8318,1.611,1.237,0.1585,0.037417305,0.018158285,0.6207,0.2383,0.0237,0.0169
200,10,50000,1.8,4.8318,1.611,1.237,0.1585,0.037417305,0.018158285,0.6207,0.2383,0.0237,0.0169
400,10,50000,1.8,4.8318,1.611,1.237,0.1585,0.037417305,0.018158285,0.6207,0.2383,0.0237,0.0169
600,10,50000,1.8,4.8318,1.611,1.237,0.1585,0.037417305,0.018158285,0.6207,0.2383,0.0237,0.0169
800,10,50000,1.8,4.8318,1.611,1.237,0.1585,0.037417305,0.018158285,0.6207,0.2383,0.0237,0.0169
1000,10,50000,1.8,4.8318,1.611,1.237,0.1585,0.037417305,0.018158285,0.6207,0.2383,0.0237,0.0169
10,10,100000,1.7272727,4.7847,1.5951,1.2085,0.1389,0.032144587,0.013675842,0.6269,0.2327,0.0195,0.0128
50,10,100000,1.7272727,4.7847,1.5951,1.2085,0.1389,0.032144587,0.013675842,0.6269,0.2327,0.0195,0.0128
100,10,100000,1.7272727,4.7847,1.5951,1.2085,0.1389,0.032144587,0.013675842,0.6269,0.2327,0.0195,0.0128
200,10,100000,1.7272727,4.7847,1.5951,1.2085,0.1389,0.032144587,0.013675842,0.6269,0.2327,0.0195,0.0128
400,10,100000,1.7272727,4.7847,1.5951,1.2085,0.1389,0.032144587,0.013675842,0.6269,0.2327,0.0195,0.0128
600,10,100000,1.7272727,4.7847,1.5951,1.2085,0.1389,0.032144587,0.013675842,0.6269,0.2327,0.0195,0.0128
800,10,100000,1.7272727,4.7847,1.5951,1.2085,0.1389,0.032144587,0.013675842,0.6269,0.2327,0.0195,0.0128
1000,10,100000,1.7272727,4.7847,1.5951,1.2085,0.1389,0.032144587,0.013675842,0.6269,0.2327,0.0195,0.0128
10,10,500000,1.6428572,4.52688,1.509,1.1458,0.1392,0.021135708,0.007082724,0.6627,0.2845,0.0119,0.0077
50,10,500000,1.6428572,4.52688,1.509,1.1458,0.1392,0.021135708,0.007082724,0.6627,0.2845,0.0119,0.0077
100,10,500000,1.6428572,4.52688,1.509,1.1458,0.1392,0.021135708,0.007082724,0.6627,0.2845,0.0119,0.0077
200,10,500000,1.6428572,4.52688,1.509,1.1458,0.1392,0.021135708,0.007082724,0.6627,0.2845,0.0119,0.0077
400,10,500000,1.6428572,4.52688,1.509,1.1458,0.1392,0.021135708,0.007082724,0.6627,0.2845,0.0119,0.0077
600,10,500000,1.6428572,4.52688,1.509,1.1458,0.1392,0.021135708,0.007082724,0.6627,0.2845,0.0119,0.0077
800,10,500000,1.6428572,4.52688,1.509,1.1458,0.1392,0.021135708,0.007082724,0.6627,0.2845,0.0119,0.0077
1000,10,500000,1.6428572,4.52688,1.509,1.1458,0.1392,0.021135708,0.007082724,0.6627,0.2845,0.0119,0.0077
10,20,1000,1.8,4.89,1.65,1.2255,0.2125,0.148878179,0.05663092,0.6061,0.2163,0.0921,0.0495
50,20,1000,1.8,4.89,1.65,1.2255,0.2125,0.148878179,0.05663092,0.6061,0.2163,0.0921,0.0495
100,20,1000,1.8,4.89,1.65,1.2255,0.2125,0.148878179,0.05663092,0.6061,0.2163,0.0921,0.0495
200,20,1000,1.8,4.89,1.65,1.2255,0.2125,0.148878179,0.05663092,0.6061,0.2163,0.0921,0.0495
400,20,1000,1.8,4.89,1.65,1.2255,0.2125,0.148878179,0.05663092,0.6061,0.2163,0.0921,0.0495
600,20,1000,1.8,4.89,1.65,1.2255,0.2125,0.148878179,0.05663092,0.6061,0.2163,0.0921,0.0495
800,20,1000,1.8,4.89,1.65,1.2255,0.2125,0.148878179,0.05663092,0.6061,0.2163,0.0921,0.0495
1000,20,1000,1.8,4.89,1.65,1.2255,0.2125,0.148878179,0.05663092,0.6061,0.2163,0.0921,0.0495
10,20,5000,2,4.47,1.494,1.3953,0.3339,0.055486707,0.030532846,0.6693,0.2693,0.0305,0.0263
50,20,5000,2,4.47,1.494,1.3953,0.3339,0.055486707,0.030532846,0.6693,0.2693,0.0305,0.0263
100,20,5000,2,4.47,1.494,1.3953,0.3339,0.055486707,0.030532846,0.6693,0.2693,0.0305,0.0263
200,20,5000,2,4.47,1.494,1.3953,0.3339,0.055486707,0.030532846,0.6693,0.2693,0.0305,0.0263
400,20,5000,2,4.47,1.494,1.3953,0.3339,0.055486707,0.030532846,0.6693,0.2693,0.0305,0.0263
600,20,5000,2,4.47,1.494,1.3953,0.3339,0.055486707,0.030532846,0.6693,0.2693,0.0305,0.0263
800,20,5000,2,4.47,1.494,1.3953,0.3339,0.055486707,0.030532846,0.6693,0.2693,0.0305,0.0263
1000,20,5000,2,4.47,1.494,1.3953,0.3339,0.055486707,0.030532846,0.6693,0.2693,0.0305,0.0263
10,20,10000,2,4.53,1.512,1.3455,0.2809,0.04793896,0.022728748,0.6614,0.2876,0.027,0.0212
50,20,10000,2,4.53,1.512,1.3455,0.2809,0.04793896,0.022728748,0.6614,0.2876,0.027,0.0212
100,20,10000,2,4.53,1.512,1.3455,0.2809,0.04793896,0.022728748,0.6614,0.2876,0.027,0.0212
200,20,10000,2,4.53,1.512,1.3455,0.2809,0.04793896,0.022728748,0.6614,0.2876,0.027,0.0212
400,20,10000,2,4.53,1.512,1.3455,0.2809,0.04793896,0.022728748,0.6614,0.2876,0.027,0.0212
600,20,10000,2,4.53,1.512,1.3455,0.2809,0.04793896,0.022728748,0.6614,0.2876,0.027,0.0212
800,20,10000,2,4.53,1.512,1.3455,0.2809,0.04793896,0.022728748,0.6614,0.2876,0.027,0.0212
1000,20,10000,2,4.53,1.512,1.3455,0.2809,0.04793896,0.022728748,0.6614,0.2876,0.027,0.0212
10,20,50000,1.7,4.7976,1.5996,1.2347,0.1578,0.03772232,0.018305801,0.6252,0.2339,0.0232,0.0167
50,20,50000,1.7,4.7976,1.5996,1.2347,0.1578,0.03772232,0.018305801,0.6252,0.2339,0.0232,0.0167
100,20,50000,1.7,4.7976,1.5996,1.2347,0.1578,0.03772232,0.018305801,0.6252,0.2339,0.0232,0.0167
200,20,50000,1.7,4.7976,1.5996,1.2347,0.1578,0.03772232,0.018305801,0.6252,0.2339,0.0232,0.0167
400,20,50000,1.7,4.7976,1.5996,1.2347,0.1578,0.03772232,0.018305801,0.6252,0.2339,0.0232,0.0167
600,20,50000,1.7,4.7976,1.5996,1.2347,0.1578,0.03772232,0.018305801,0.6252,0.2339,0.0232,0.0167
800,20,50000,1.7,4.7976,1.5996,1.2347,0.1578,0.03772232,0.018305801,0.6252,0.2339,0.0232,0.0167
1000,20,50000,1.7,4.7976,1.5996,1.2347,0.1578,0.03772232,0.018305801,0.6252,0.2339,0.0232,0.0167
10,20,100000,1.6363636,4.8,1.6002,1.2089,0.1389,0.032155876,0.01347408,0.6249,0.2331,0.0196,0.0132
50,20,100000,1.6363636,4.8,1.6002,1.2089,0.1389,0.032155876,0.01347408,0.6249,0.2331,0.0196,0.0132
100,20,100000,1.6363636,4.8,1.6002,1.2089,0.1389,0.032155876,0.01347408,0.6249,0.2331,0.0196,0.0132
200,20,100000,1.6363636,4.8,1.6002,1.2089,0.1389,0.032155876,0.01347408,0.6249,0.2331,0.0196,0.0132
400,20,100000,1.6363636,4.8,1.6002,1.2089,0.1389,0.032155876,0.01347408,0.6249,0.2331,0.0196,0.0132
600,20,100000,1.6363636,4.8,1.6002,1.2089,0.1389,0.032155876,0.01347408,0.6249,0.2331,0.0196,0.0132
800,20,100000,1.6363636,4.8,1.6002,1.2089,0.1389,0.032155876,0.01347408,0.6249,0.2331,0.0196,0.0132
1000,20,100000,1.6363636,4.8,1.6002,1.2089,0.1389,0.032155876,0.01347408,0.6249,0.2331,0.0196,0.0132
10,20,500000,1.5714285,4.48242,1.4942,1.1466,0.143,0.021214896,0.007176623,0.6693,0.2966,0.0119,0.0078
50,20,500000,1.5714285,4.48242,1.4942,1.1466,0.143,0.021214896,0.007176623,0.6693,0.2966,0.0119,0.0078
100,20,500000,1.5714285,4.48242,1.4942,1.1466,0.143,0.021214896,0.007176623,0.6693,0.2966,0.0119,0.0078
200,20,500000,1.5714285,4.48242,1.4942,1.1466,0.143,0.021214896,0.007176623,0.6693,0.2966,0.0119,0.0078
400,20,500000,1.5714285,4.48242,1.4942,1.1466,0.143,0.021214896,0.007176623,0.6693,0.2966,0.0119,0.0078
600,20,500000,1.5714285,4.48242,1.4942,1.1466,0.143,0.021214896,0.007176623,0.6693,0.2966,0.0119,0.0078
800,20,500000,1.5714285,4.48242,1.4942,1.1466,0.143,0.021214896,0.007176623,0.6693,0.2966,0.0119,0.0078
1000,20,500000,1.5714285,4.48242,1.4942,1.1466,0.143,0.021214896,0.007176623,0.6693,0.2966,0.0119,0.0078
10,30,1000,1.8,4.35,1.47,1.1959,0.2231,0.150288074,0.053144495,0.6803,0.2081,0.096,0.0546
50,30,1000,1.8,4.35,1.47,1.1959,0.2231,0.150288074,0.053144495,0.6803,0.2081,0.096,0.0546
100,30,1000,1.8,4.35,1.47,1.1959,0.2231,0.150288074,0.053144495,0.6803,0.2081,0.096,0.0546
200,30,1000,1.8,4.35,1.47,1.1959,0.2231,0.150288074,0.053144495,0.6803,0.2081,0.096,0.0546
400,30,1000,1.8,4.35,1.47,1.1959,0.2231,0.150288074,0.053144495,0.6803,0.2081,0.096,0.0546
600,30,1000,1.8,4.35,1.47,1.1959,0.2231,0.150288074,0.053144495,0.6803,0.2081,0.096,0.0546
800,30,1000,1.8,4.35,1.47,1.1959,0.2231,0.150288074,0.053144495,0.6803,0.2081,0.096,0.0546
1000,30,1000,1.8,4.35,1.47,1.1959,0.2231,0.150288074,0.053144495,0.6803,0.2081,0.096,0.0546
10,30,5000,2,4.578,1.53,1.3882,0.3255,0.054403355,0.031087843,0.6536,0.2591,0.0302,0.0253
50,30,5000,2,4.578,1.53,1.3882,0.3255,0.054403355,0.031087843,0.6536,0.2591,0.0302,0.0253
100,30,5000,2,4.578,1.53,1.3882,0.3255,0.054403355,0.031087843,0.6536,0.2591,0.0302,0.0253
200,30,5000,2,4.578,1.53,1.3882,0.3255,0.054403355,0.031087843,0.6536,0.2591,0.0302,0.0253
400,30,5000,2,4.578,1.53,1.3882,0.3255,0.054403355,0.031087843,0.6536,0.2591,0.0302,0.0253
600,30,5000,2,4.578,1.53,1.3882,0.3255,0.054403355,0.031087843,0.6536,0.2591,0.0302,0.0253
800,30,5000,2,4.578,1.53,1.3882,0.3255,0.054403355,0.031087843,0.6536,0.2591,0.0302,0.0253
1000,30,5000,2,4.578,1.53,1.3882,0.3255,0.054403355,0.031087843,0.6536,0.2591,0.0302,0.0253
10,30,10000,1.875,4.665,1.557,1.3475,0.2775,0.047108476,0.022777228,0.6423,0.2307,0.0261,0.0205
50,30,10000,1.875,4.665,1.557,1.3475,0.2775,0.047108476,0.022777228,0.6423,0.2307,0.0261,0.0205
100,30,10000,1.875,4.665,1.557,1.3475,0.2775,0.047108476,0.022777228,0.6423,0.2307,0.0261,0.0205
200,30,10000,1.875,4.665,1.557,1.3475,0.2775,0.047108476,0.022777228,0.6423,0.2307,0.0261,0.0205
400,30,10000,1.875,4.665,1.557,1.3475,0.2775,0.047108476,0.022777228,0.6423,0.2307,0.0261,0.0205
600,30,10000,1.875,4.665,1.557,1.3475,0.2775,0.047108476,0.022777228,0.6423,0.2307,0.0261,0.0205
800,30,10000,1.875,4.665,1.557,1.3475,0.2775,0.047108476,0.022777228,0.6423,0.2307,0.0261,0.0205
1000,30,10000,1.875,4.665,1.557,1.3475,0.2775,0.047108476,0.022777228,0.6423,0.2307,0.0261,0.0205
10,30,50000,1.7,4.8228,1.608,1.2332,0.1548,0.037429635,0.017789272,0.6219,0.2348,0.0233,0.0167
50,30,50000,1.7,4.8228,1.608,1.2332,0.1548,0.037429635,0.017789272,0.6219,0.2348,0.0233,0.0167
100,30,50000,1.7,4.8228,1.608,1.2332,0.1548,0.037429635,0.017789272,0.6219,0.2348,0.0233,0.0167
200,30,50000,1.7,4.8228,1.608,1.2332,0.1548,0.037429635,0.017789272,0.6219,0.2348,0.0233,0.0167
400,30,50000,1.7,4.8228,1.608,1.2332,0.1548,0.037429635,0.017789272,0.6219,0.2348,0.0233,0.0167
600,30,50000,1.7,4.8228,1.608,1.2332,0.1548,0.037429635,0.017789272,0.6219,0.2348,0.0233,0.0167
800,30,50000,1.7,4.8228,1.608,1.2332,0.1548,0.037429635,0.017789272,0.6219,0.2348,0.0233,0.0167
1000,30,50000,1.7,4.8228,1.608,1.2332,0.1548,0.037429635,0.017789272,0.6219,0.2348,0.0233,0.0167
10,30,100000,1.5454545,4.8144,1.605,1.212,0.139,0.03208382,0.013622123,0.6231,0.2301,0.0198,0.0137
50,30,100000,1.5454545,4.8144,1.605,1.212,0.139,0.03208382,0.013622123,0.6231,0.2301,0.0198,0.0137
100,30,100000,1.5454545,4.8144,1.605,1.212,0.139,0.03208382,0.013622123,0.6231,0.2301,0.0198,0.0137
200,30,100000,1.5454545,4.8144,1.605,1.212,0.139,0.03208382,0.013622123,0.6231,0.2301,0.0198,0.0137
400,30,100000,1.5454545,4.8144,1.605,1.212,0.139,0.03208382,0.013622123,0.6231,0.2301,0.0198,0.0137
600,30,100000,1.5454545,4.8144,1.605,1.212,0.139,0.03208382,0.013622123,0.6231,0.2301,0.0198,0.0137
800,30,100000,1.5454545,4.8144,1.605,1.212,0.139,0.03208382,0.013622123,0.6231,0.2301,0.0198,0.0137
1000,30,100000,1.5454545,4.8144,1.605,1.212,0.139,0.03208382,0.013622123,0.6231,0.2301,0.0198,0.0137
10,30,500000,1.6428572,4.46136,1.4872,1.146,0.1434,0.021231251,0.007125683,0.6724,0.3083,0.0119,0.0077
50,30,500000,1.6428572,4.46136,1.4872,1.146,0.1434,0.021231251,0.007125683,0.6724,0.3083,0.0119,0.0077
100,30,500000,1.6428572,4.46136,1.4872,1.146,0.1434,0.021231251,0.007125683,0.6724,0.3083,0.0119,0.0077
200,30,500000,1.6428572,4.46136,1.4872,1.146,0.1434,0.021231251,0.007125683,0.6724,0.3083,0.0119,0.0077
400,30,500000,1.6428572,4.46136,1.4872,1.146,0.1434,0.021231251,0.007125683,0.6724,0.3083,0.0119,0.0077
600,30,500000,1.6428572,4.46136,1.4872,1.146,0.1434,0.021231251,0.007125683,0.6724,0.3083,0.0119,0.0077
800,30,500000,1.6428572,4.46136,1.4872,1.146,0.1434,0.021231251,0.007125683,0.6724,0.3083,0.0119,0.0077
1000,30,500000,1.6428572,4.46136,1.4872,1.146,0.1434,0.021231251,0.007125683,0.6724,0.3083,0.0119,0.0077
10,40,1000,1.6,4.44,1.5,1.184,0.1826,0.155132747,0.059426723,0.6667,0.2176,0.0942,0.0432
50,40,1000,1.6,4.44,1.5,1.184,0.1826,0.155132747,0.059426723,0.6667,0.2176,0.0942,0.0432
100,40,1000,1.6,4.44,1.5,1.184,0.1826,0.155132747,0.059426723,0.6667,0.2176,0.0942,0.0432
200,40,1000,1.6,4.44,1.5,1.184,0.1826,0.155132747,0.059426723,0.6667,0.2176,0.0942,0.0432
400,40,1000,1.6,4.44,1.5,1.184,0.1826,0.155132747,0.059426723,0.6667,0.2176,0.0942,0.0432
600,40,1000,1.6,4.44,1.5,1.184,0.1826,0.155132747,0.059426723,0.6667,0.2176,0.0942,0.0432
800,40,1000,1.6,4.44,1.5,1.184,0.1826,0.155132747,0.059426723,0.6667,0.2176,0.0942,0.0432
1000,40,1000,1.6,4.44,1.5,1.184,0.1826,0.155132747,0.059426723,0.6667,0.2176,0.0942,0.0432
10,40,5000,1.8571428,4.704,1.572,1.3506,0.2858,0.053193993,0.028433514,0.6361,0.2268,0.031,0.0262
50,40,5000,1.8571428,4.704,1.572,1.3506,0.2858,0.053193993,0.028433514,0.6361,0.2268,0.031,0.0262
100,40,5000,1.8571428,4.704,1.572,1.3506,0.2858,0.053193993,0.028433514,0.6361,0.2268,0.031,0.0262
200,40,5000,1.8571428,4.704,1.572,1.3506,0.2858,0.053193993,0.028433514,0.6361,0.2268,0.031,0.0262
400,40,5000,1.8571428,4.704,1.572,1.3506,0.2858,0.053193993,0.028433514,0.6361,0.2268,0.031,0.0262
600,40,5000,1.8571428,4.704,1.572,1.3506,0.2858,0.053193993,0.028433514,0.6361,0.2268,0.031,0.0262
800,40,5000,1.8571428,4.704,1.572,1.3506,0.2858,0.053193993,0.028433514,0.6361,0.2268,0.031,0.0262
1000,40,5000,1.8571428,4.704,1.572,1.3506,0.2858,0.053193993,0.028433514,0.6361,0.2268,0.031,0.0262
10,40,10000,1.875,4.521,1.509,1.3387,0.2717,0.048041392,0.02239801,0.6627,0.2727,0.0266,0.0211
50,40,10000,1.875,4.521,1.509,1.3387,0.2717,0.048041392,0.02239801,0.6627,0.2727,0.0266,0.0211
100,40,10000,1.875,4.521,1.509,1.3387,0.2717,0.048041392,0.02239801,0.6627,0.2727,0.0266,0.0211
200,40,10000,1.875,4.521,1.509,1.3387,0.2717,0.048041392,0.02239801,0.6627,0.2727,0.0266,0.0211
400,40,10000,1.875,4.521,1.509,1.3387,0.2717,0.048041392,0.02239801,0.6627,0.2727,0.0266,0.0211
600,40,10000,1.875,4.521,1.509,1.3387,0.2717,0.048041392,0.02239801,0.6627,0.2727,0.0266,0.0211
800,40,10000,1.875,4.521,1.509,1.3387,0.2717,0.048041392,0.02239801,0.6627,0.2727,0.0266,0.0211
1000,40,10000,1.875,4.521,1.509,1.3387,0.2717,0.048041392,0.02239801,0.6627,0.2727,0.0266,0.0211
10,40,50000,1.7,4.839,1.6134,1.2475,0.1676,0.037315948,0.01785329,0.6198,0.2316,0.0232,0.0167
50,40,50000,1.7,4.839,1.6134,1.2475,0.1676,0.037315948,0.01785329,0.6198,0.2316,0.0232,0.0167
100,40,50000,1.7,4.839,1.6134,1.2475,0.1676,0.037315948,0.01785329,0.6198,0.2316,0.0232,0.0167
200,40,50000,1.7,4.839,1.6134,1.2475,0.1676,0.037315948,0.01785329,0.6198,0.2316,0.0232,0.0167
400,40,50000,1.7,4.839,1.6134,1.2475,0.1676,0.037315948,0.01785329,0.6198,0.2316,0.0232,0.0167
600,40,50000,1.7,4.839,1.6134,1.2475,0.1676,0.037315948,0.01785329,0.6198,0.2316,0.0232,0.0167
800,40,50000,1.7,4.839,1.6134,1.2475,0.1676,0.037315948,0.01785329,0.6198,0.2316,0.0232,0.0167
1000,40,50000,1.7,4.839,1.6134,1.2475,0.1676,0.037315948,0.01785329,0.6198,0.2316,0.0232,0.0167
10,40,100000,1.6363636,4.8171,1.6059,1.2071,0.1346,0.031983513,0.013439346,0.6227,0.2325,0.0196,0.013
50,40,100000,1.6363636,4.8171,1.6059,1.2071,0.1346,0.031983513,0.013439346,0.6227,0.2325,0.0196,0.013
100,40,100000,1.6363636,4.8171,1.6059,1.2071,0.1346,0.031983513,0.013439346,0.6227,0.2325,0.0196,0.013
200,40,100000,1.6363636,4.8171,1.6059,1.2071,0.1346,0.031983513,0.013439346,0.6227,0.2325,0.0196,0.013
400,40,100000,1.6363636,4.8171,1.6059,1.2071,0.1346,0.031983513,0.013439346,0.6227,0.2325,0.0196,0.013
600,40,100000,1.6363636,4.8171,1.6059,1.2071,0.1346,0.031983513,0.013439346,0.6227,0.2325,0.0196,0.013
800,40,100000,1.6363636,4.8171,1.6059,1.2071,0.1346,0.031983513,0.013439346,0.6227,0.2325,0.0196,0.013
1000,40,100000,1.6363636,4.8171,1.6059,1.2071,0.1346,0.031983513,0.013439346,0.6227,0.2325,0.0196,0.013
10,40,500000,1.6428572,4.47288,1.491,1.1463,0.1436,0.021224286,0.007130102,0.6707,0.3151,0.0118,0.0077
50,40,500000,1.6428572,4.47288,1.491,1.1463,0.1436,0.021224286,0.007130102,0.6707,0.3151,0.0118,0.0077
100,40,500000,1.6428572,4.47288,1.491,1.1463,0.1436,0.021224286,0.007130102,0.6707,0.3151,0.0118,0.0077
200,40,500000,1.6428572,4.47288,1.491,1.1463,0.1436,0.021224286,0.007130102,0.6707,0.3151,0.0118,0.0077
400,40,500000,1.6428572,4.47288,1.491,1.1463,0.1436,0.021224286,0.007130102,0.6707,0.3151,0.0118,0.0077
600,40,500000,1.6428572,4.47288,1.491,1.1463,0.1436,0.021224286,0.007130102,0.6707,0.3151,0.0118,0.0077
800,40,500000,1.6428572,4.47288,1.491,1.1463,0.1436,0.021224286,0.007130102,0.6707,0.3151,0.0118,0.0077
1000,40,500000,1.6428572,4.47288,1.491,1.1463,0.1436,0.021224286,0.007130102,0.6707,0.3151,0.0118,0.0077
10,50,1000,1.6,4.62,1.56,1.1962,0.1775,0.153841527,0.057244876,0.641,0.2024,0.0938,0.0467
50,50,1000,1.6,4.62,1.56,1.1962,0.1775,0.153841527,0.057244876,0.641,0.2024,0.0938,0.0467
100,50,1000,1.6,4.62,1.56,1.1962,0.1775,0.153841527,0.057244876,0.641,0.2024,0.0938,0.0467
200,50,1000,1.6,4.62,1.56,1.1962,0.1775,0.153841527,0.057244876,0.641,0.2024,0.0938,0.0467
400,50,1000,1.6,4.62,1.56,1.1962,0.1775,0.153841527,0.057244876,0.641,0.2024,0.0938,0.0467
600,50,1000,1.6,4.62,1.56,1.1962,0.1775,0.153841527,0.057244876,0.641,0.2024,0.0938,0.0467
800,50,1000,1.6,4.62,1.56,1.1962,0.1775,0.153841527,0.057244876,0.641,0.2024,0.0938,0.0467
1000,50,1000,1.6,4.62,1.56,1.1962,0.1775,0.153841527,0.057244876,0.641,0.2024,0.0938,0.0467
10,50,5000,2,4.704,1.572,1.3953,0.3215,0.054028804,0.029734586,0.6361,0.2662,0.0315,0.0301
50,50,5000,2,4.704,1.572,1.3953,0.3215,0.054028804,0.029734586,0.6361,0.2662,0.0315,0.0301
100,50,5000,2,4.704,1.572,1.3953,0.3215,0.054028804,0.029734586,0.6361,0.2662,0.0315,0.0301
200,50,5000,2,4.704,1.572,1.3953,0.3215,0.054028804,0.029734586,0.6361,0.2662,0.0315,0.0301
400,50,5000,2,4.704,1.572,1.3953,0.3215,0.054028804,0.029734586,0.6361,0.2662,0.0315,0.0301
600,50,5000,2,4.704,1.572,1.3953,0.3215,0.054028804,0.029734586,0.6361,0.2662,0.0315,0.0301
800,50,5000,2,4.704,1.572,1.3953,0.3215,0.054028804,0.029734586,0.6361,0.2662,0.0315,0.0301
1000,50,5000,2,4.704,1.572,1.3953,0.3215,0.054028804,0.029734586,0.6361,0.2662,0.0315,0.0301
10,50,10000,2,4.602,1.536,1.3479,0.2801,0.047767592,0.022590873,0.651,0.273,0.0265,0.0211
50,50,10000,2,4.602,1.536,1.3479,0.2801,0.047767592,0.022590873,0.651,0.273,0.0265,0.0211
100,50,10000,2,4.602,1.536,1.3479,0.2801,0.047767592,0.022590873,0.651,0.273,0.0265,0.0211
200,50,10000,2,4.602,1.536,1.3479,0.2801,0.047767592,0.022590873,0.651,0.273,0.0265,0.0211
400,50,10000,2,4.602,1.536,1.3479,0.2801,0.047767592,0.022590873,0.651,0.273,0.0265,0.0211
600,50,10000,2,4.602,1.536,1.3479,0.2801,0.047767592,0.022590873,0.651,0.273,0.0265,0.0211
800,50,10000,2,4.602,1.536,1.3479,0.2801,0.047767592,0.022590873,0.651,0.273,0.0265,0.0211
1000,50,10000,2,4.602,1.536,1.3479,0.2801,0.047767592,0.022590873,0.651,0.273,0.0265,0.0211
10,50,50000,1.7,4.8156,1.6056,1.2327,0.155,0.037365184,0.018060652,0.6228,0.2341,0.0228,0.0158
50,50,50000,1.7,4.8156,1.6056,1.2327,0.155,0.037365184,0.018060652,0.6228,0.2341,0.0228,0.0158
100,50,50000,1.7,4.8156,1.6056,1.2327,0.155,0.037365184,0.018060652,0.6228,0.2341,0.0228,0.0158
200,50,50000,1.7,4.8156,1.6056,1.2327,0.155,0.037365184,0.018060652,0.6228,0.2341,0.0228,0.0158
400,50,50000,1.7,4.8156,1.6056,1.2327,0.155,0.037365184,0.018060652,0.6228,0.2341,0.0228,0.0158
600,50,50000,1.7,4.8156,1.6056,1.2327,0.155,0.037365184,0.018060652,0.6228,0.2341,0.0228,0.0158
800,50,50000,1.7,4.8156,1.6056,1.2327,0.155,0.037365184,0.018060652,0.6228,0.2341,0.0228,0.0158
1000,50,50000,1.7,4.8156,1.6056,1.2327,0.155,0.037365184,0.018060652,0.6228,0.2341,0.0228,0.0158
10,50,100000,1.6363636,4.8,1.6002,1.2071,0.1369,0.032371569,0.013551307,0.6249,0.2331,0.0197,0.0131
50,50,100000,1.6363636,4.8,1.6002,1.2071,0.1369,0.032371569,0.013551307,0.6249,0.2331,0.0197,0.0131
100,50,100000,1.6363636,4.8,1.6002,1.2071,0.1369,0.032371569,0.013551307,0.6249,0.2331,0.0197,0.0131
200,50,100000,1.6363636,4.8,1.6002,1.2071,0.1369,0.032371569,0.013551307,0.6249,0.2331,0.0197,0.0131
400,50,100000,1.6363636,4.8,1.6002,1.2071,0.1369,0.032371569,0.013551307,0.6249,0.2331,0.0197,0.0131
600,50,100000,1.6363636,4.8,1.6002,1.2071,0.1369,0.032371569,0.013551307,0.6249,0.2331,0.0197,0.0131
800,50,100000,1.6363636,4.8,1.6002,1.2071,0.1369,0.032371569,0.013551307,0.6249,0.2331,0.0197,0.0131
1000,50,100000,1.6363636,4.8,1.6002,1.2071,0.1369,0.032371569,0.013551307,0.6249,0.2331,0.0197,0.0131
10,50,500000,1.6428572,4.40412,1.4681,1.1464,0.1459,0.021261948,0.007149938,0.6812,0.3614,0.0119,0.0076
50,50,500000,1.6428572,4.40412,1.4681,1.1464,0.1459,0.021261948,0.007149938,0.6812,0.3614,0.0119,0.0076
100,50,500000,1.6428572,4.40412,1.4681,1.1464,0.1459,0.021261948,0.007149938,0.6812,0.3614,0.0119,0.0076
200,50,500000,1.6428572,4.40412,1.4681,1.1464,0.1459,0.021261948,0.007149938,0.6812,0.3614,0.0119,0.0076
400,50,500000,1.6428572,4.40412,1.4681,1.1464,0.1459,0.021261948,0.007149938,0.6812,0.3614,0.0119,0.0076
600,50,500000,1.6428572,4.40412,1.4681,1.1464,0.1459,0.021261948,0.007149938,0.6812,0.3614,0.0119,0.0076
800,50,500000,1.6428572,4.40412,1.4681,1.1464,0.1459,0.021261948,0.007149938,0.6812,0.3614,0.0119,0.0076
1000,50,500000,1.6428572,4.40412,1.4681,1.1464,0.1459,0.021261948,0.007149938,0.6812,0.3614,0.0119,0.0076
10,4,245057,2.0833333,2.520393215,0.8116,1.3169,0.2352,0.018015862,0.020802084,1.2321,3.6859,0.0152,0.0238
50,4,245057,2.0833333,2.520393215,0.8116,1.3169,0.2352,0.018015862,0.020802084,1.2321,3.6859,0.0152,0.0238
100,4,245057,2.0833333,2.520393215,0.8116,1.3169,0.2352,0.018015862,0.020802084,1.2321,3.6859,0.0152,0.0238
200,4,245057,2.0833333,2.520393215,0.8116,1.3169,0.2352,0.018015862,0.020802084,1.2321,3.6859,0.0152,0.0238
400,4,245057,2.0833333,2.520393215,0.8116,1.3169,0.2352,0.018015862,0.020802084,1.2321,3.6859,0.0152,0.0238
600,4,245057,2.0833333,2.520393215,0.8116,1.3169,0.2352,0.018015862,0.020802084,1.2321,3.6859,0.0152,0.0238
800,4,245057,2.0833333,2.520393215,0.8116,1.3169,0.2352,0.018015862,0.020802084,1.2321,3.6859,0.0152,0.0238
1000,4,245057,2.0833333,2.520393215,0.8116,1.3169,0.2352,0.018015862,0.020802084,1.2321,3.6859,0.0152,0.0238
10,2,1000,1.8,5.52,1.86,1.4,0.3273,0.014078869,0.021429106,0.5376,0.3173,0.0171,0.0244
50,2,1000,1.8,5.52,1.86,1.4,0.3273,0.014078869,0.021429106,0.5376,0.3173,0.0171,0.0244
100,2,1000,1.8,5.52,1.86,1.4,0.3273,0.014078869,0.021429106,0.5376,0.3173,0.0171,0.0244
200,2,1000,1.8,5.52,1.86,1.4,0.3273,0.014078869,0.021429106,0.5376,0.3173,0.0171,0.0244
400,2,1000,1.8,5.52,1.86,1.4,0.3273,0.014078869,0.021429106,0.5376,0.3173,0.0171,0.0244
600,2,1000,1.8,5.52,1.86,1.4,0.3273,0.014078869,0.021429106,0.5376,0.3173,0.0171,0.0244
800,2,1000,1.8,5.52,1.86,1.4,0.3273,0.014078869,0.021429106,0.5376,0.3173,0.0171,0.0244
1000,2,1000,1.8,5.52,1.86,1.4,0.3273,0.014078869,0.021429106,0.5376,0.3173,0.0171,0.0244
10,2,5000,2,4.578,1.398,1.3611,0.3067,0.013526626,0.017755373,0.7153,0.4652,0.0116,0.0129
50,2,5000,2,4.578,1.398,1.3611,0.3067,0.013526626,0.017755373,0.7153,0.4652,0.0116,0.0129
100,2,5000,2,4.578,1.398,1.3611,0.3067,0.013526626,0.017755373,0.7153,0.4652,0.0116,0.0129
200,2,5000,2,4.578,1.398,1.3611,0.3067,0.013526626,0.017755373,0.7153,0.4652,0.0116,0.0129
400,2,5000,2,4.578,1.398,1.3611,0.3067,0.013526626,0.017755373,0.7153,0.4652,0.0116,0.0129
600,2,5000,2,4.578,1.398,1.3611,0.3067,0.013526626,0.017755373,0.7153,0.4652,0.0116,0.0129
800,2,5000,2,4.578,1.398,1.3611,0.3067,0.013526626,0.017755373,0.7153,0.4652,0.0116,0.0129
1000,2,5000,2,4.578,1.398,1.3611,0.3067,0.013526626,0.017755373,0.7153,0.4652,0.0116,0.0129
10,2,10000,2,4.488,1.44,1.2904,0.2494,0.012145448,0.011934791,0.6944,0.4391,0.0108,0.0122
50,2,10000,2,4.488,1.44,1.2904,0.2494,0.012145448,0.011934791,0.6944,0.4391,0.0108,0.0122
100,2,10000,2,4.488,1.44,1.2904,0.2494,0.012145448,0.011934791,0.6944,0.4391,0.0108,0.0122
200,2,10000,2,4.488,1.44,1.2904,0.2494,0.012145448,0.011934791,0.6944,0.4391,0.0108,0.0122
400,2,10000,2,4.488,1.44,1.2904,0.2494,0.012145448,0.011934791,0.6944,0.4391,0.0108,0.0122
600,2,10000,2,4.488,1.44,1.2904,0.2494,0.012145448,0.011934791,0.6944,0.4391,0.0108,0.0122
800,2,10000,2,4.488,1.44,1.2904,0.2494,0.012145448,0.011934791,0.6944,0.4391,0.0108,0.0122
1000,2,10000,2,4.488,1.44,1.2904,0.2494,0.012145448,0.011934791,0.6944,0.4391,0.0108,0.0122
10,2,50000,1.8,4.578,1.3392,1.2588,0.187,0.005126426,0.007524288,0.7467,0.522,0.0066,0.0066
50,2,50000,1.8,4.578,1.3392,1.2588,0.187,0.005126426,0.007524288,0.7467,0.522,0.0066,0.0066
100,2,50000,1.8,4.578,1.3392,1.2588,0.187,0.005126426,0.007524288,0.7467,0.522,0.0066,0.0066
200,2,50000,1.8,4.578,1.3392,1.2588,0.187,0.005126426,0.007524288,0.7467,0.522,0.0066,0.0066
400,2,50000,1.8,4.578,1.3392,1.2588,0.187,0.005126426,0.007524288,0.7467,0.522,0.0066,0.0066
600,2,50000,1.8,4.578,1.3392,1.2588,0.187,0.005126426,0.007524288,0.7467,0.522,0.0066,0.0066
800,2,50000,1.8,4.578,1.3392,1.2588,0.187,0.005126426,0.007524288,0.7467,0.522,0.0066,0.0066
1000,2,50000,1.8,4.578,1.3392,1.2588,0.187,0.005126426,0.007524288,0.7467,0.522,0.0066,0.0066
10,2,100000,1.7272727,3.5811,1.0593,1.2616,0.1882,0.005942888,0.010869045,0.944,1.812,0.0066,0.0119
50,2,100000,1.7272727,3.5811,1.0593,1.2616,0.1882,0.005942888,0.010869045,0.944,1.812,0.0066,0.0119
100,2,100000,1.7272727,3.5811,1.0593,1.2616,0.1882,0.005942888,0.010869045,0.944,1.812,0.0066,0.0119
200,2,100000,1.7272727,3.5811,1.0593,1.2616,0.1882,0.005942888,0.010869045,0.944,1.812,0.0066,0.0119
400,2,100000,1.7272727,3.5811,1.0593,1.2616,0.1882,0.005942888,0.010869045,0.944,1.812,0.0066,0.0119
600,2,100000,1.7272727,3.5811,1.0593,1.2616,0.1882,0.005942888,0.010869045,0.944,1.812,0.0066,0.0119
800,2,100000,1.7272727,3.5811,1.0593,1.2616,0.1882,0.005942888,0.010869045,0.944,1.812,0.0066,0.0119
1000,2,100000,1.7272727,3.5811,1.0593,1.2616,0.1882,0.005942888,0.010869045,0.944,1.812,0.0066,0.0119
10,2,169300,2,1.997932664,0.6661,1.4327,0.1967,0.003000227,0.013018316,1.5013,2.0608,0.002,0.011
50,2,169300,2,1.997932664,0.6661,1.4327,0.1967,0.003000227,0.013018316,1.5013,2.0608,0.002,0.011
100,2,169300,2,1.997932664,0.6661,1.4327,0.1967,0.003000227,0.013018316,1.5013,2.0608,0.002,0.011
200,2,169300,2,1.997932664,0.6661,1.4327,0.1967,0.003000227,0.013018316,1.5013,2.0608,0.002,0.011
400,2,169300,2,1.997932664,0.6661,1.4327,0.1967,0.003000227,0.013018316,1.5013,2.0608,0.002,0.011
600,2,169300,2,1.997932664,0.6661,1.4327,0.1967,0.003000227,0.013018316,1.5013,2.0608,0.002,0.011
800,2,169300,2,1.997932664,0.6661,1.4327,0.1967,0.003000227,0.013018316,1.5013,2.0608,0.002,0.011
1000,2,169300,2,1.997932664,0.6661,1.4327,0.1967,0.003000227,0.013018316,1.5013,2.0608,0.002,0.011
10,2,1000,2,4.53,1.53,1.5373,0.4275,0.076794277,0.105579435,0.6536,0.219,0.0509,0.0759
50,2,1000,2,4.53,1.53,1.5373,0.4275,0.076794277,0.105579435,0.6536,0.219,0.0509,0.0759
100,2,1000,2,4.53,1.53,1.5373,0.4275,0.076794277,0.105579435,0.6536,0.219,0.0509,0.0759
200,2,1000,2,4.53,1.53,1.5373,0.4275,0.076794277,0.105579435,0.6536,0.219,0.0509,0.0759
400,2,1000,2,4.53,1.53,1.5373,0.4275,0.076794277,0.105579435,0.6536,0.219,0.0509,0.0759
600,2,1000,2,4.53,1.53,1.5373,0.4275,0.076794277,0.105579435,0.6536,0.219,0.0509,0.0759
800,2,1000,2,4.53,1.53,1.5373,0.4275,0.076794277,0.105579435,0.6536,0.219,0.0509,0.0759
1000,2,1000,2,4.53,1.53,1.5373,0.4275,0.076794277,0.105579435,0.6536,0.219,0.0509,0.0759
10,2,5000,2.142857,3.57,1.194,1.5894,0.3449,0.016885032,0.026807121,0.8375,0.4783,0.0157,0.0557
50,2,5000,2.142857,3.57,1.194,1.5894,0.3449,0.016885032,0.026807121,0.8375,0.4783,0.0157,0.0557
100,2,5000,2.142857,3.57,1.194,1.5894,0.3449,0.016885032,0.026807121,0.8375,0.4783,0.0157,0.0557
200,2,5000,2.142857,3.57,1.194,1.5894,0.3449,0.016885032,0.026807121,0.8375,0.4783,0.0157,0.0557
400,2,5000,2.142857,3.57,1.194,1.5894,0.3449,0.016885032,0.026807121,0.8375,0.4783,0.0157,0.0557
600,2,5000,2.142857,3.57,1.194,1.5894,0.3449,0.016885032,0.026807121,0.8375,0.4783,0.0157,0.0557
800,2,5000,2.142857,3.57,1.194,1.5894,0.3449,0.016885032,0.026807121,0.8375,0.4783,0.0157,0.0557
1000,2,5000,2.142857,3.57,1.194,1.5894,0.3449,0.016885032,0.026807121,0.8375,0.4783,0.0157,0.0557
10,2,10000,2.125,3.018,1.008,1.5506,0.3183,0.012517573,0.020212943,0.9921,0.9472,0.0113,0.044
50,2,10000,2.125,3.018,1.008,1.5506,0.3183,0.012517573,0.020212943,0.9921,0.9472,0.0113,0.044
100,2,10000,2.125,3.018,1.008,1.5506,0.3183,0.012517573,0.020212943,0.9921,0.9472,0.0113,0.044
200,2,10000,2.125,3.018,1.008,1.5506,0.3183,0.012517573,0.020212943,0.9921,0.9472,0.0113,0.044
400,2,10000,2.125,3.018,1.008,1.5506,0.3183,0.012517573,0.020212943,0.9921,0.9472,0.0113,0.044
600,2,10000,2.125,3.018,1.008,1.5506,0.3183,0.012517573,0.020212943,0.9921,0.9472,0.0113,0.044
800,2,10000,2.125,3.018,1.008,1.5506,0.3183,0.012517573,0.020212943,0.9921,0.9472,0.0113,0.044
1000,2,10000,2.125,3.018,1.008,1.5506,0.3183,0.012517573,0.020212943,0.9921,0.9472,0.0113,0.044
10,2,50000,2,2.7384,0.9132,1.4749,0.2433,0.006511951,0.015218375,1.0951,1.1078,0.0043,0.0135
50,2,50000,2,2.7384,0.9132,1.4749,0.2433,0.006511951,0.015218375,1.0951,1.1078,0.0043,0.0135
100,2,50000,2,2.7384,0.9132,1.4749,0.2433,0.006511951,0.015218375,1.0951,1.1078,0.0043,0.0135
200,2,50000,2,2.7384,0.9132,1.4749,0.2433,0.006511951,0.015218375,1.0951,1.1078,0.0043,0.0135
400,2,50000,2,2.7384,0.9132,1.4749,0.2433,0.006511951,0.015218375,1.0951,1.1078,0.0043,0.0135
600,2,50000,2,2.7384,0.9132,1.4749,0.2433,0.006511951,0.015218375,1.0951,1.1078,0.0043,0.0135
800,2,50000,2,2.7384,0.9132,1.4749,0.2433,0.006511951,0.015218375,1.0951,1.1078,0.0043,0.0135
1000,2,50000,2,2.7384,0.9132,1.4749,0.2433,0.006511951,0.015218375,1.0951,1.1078,0.0043,0.0135
10,2,100000,2,1.7472,0.5826,1.4834,0.2276,0.003860184,0.016278668,1.7164,3.0135,0.0027,0.0124
50,2,100000,2,1.7472,0.5826,1.4834,0.2276,0.003860184,0.016278668,1.7164,3.0135,0.0027,0.0124
100,2,100000,2,1.7472,0.5826,1.4834,0.2276,0.003860184,0.016278668,1.7164,3.0135,0.0027,0.0124
200,2,100000,2,1.7472,0.5826,1.4834,0.2276,0.003860184,0.016278668,1.7164,3.0135,0.0027,0.0124
400,2,100000,2,1.7472,0.5826,1.4834,0.2276,0.003860184,0.016278668,1.7164,3.0135,0.0027,0.0124
600,2,100000,2,1.7472,0.5826,1.4834,0.2276,0.003860184,0.016278668,1.7164,3.0135,0.0027,0.0124
800,2,100000,2,1.7472,0.5826,1.4834,0.2276,0.003860184,0.016278668,1.7164,3.0135,0.0027,0.0124
1000,2,100000,2,1.7472,0.5826,1.4834,0.2276,0.003860184,0.016278668,1.7164,3.0135,0.0027,0.0124
10,20,65550,2.5454545,2.027002288,0.665,1.4629,0.2547,0.000434,0.002071205,1.5038,6.3427,0.0012,0.0271
50,20,65550,2.5454545,2.027002288,0.665,1.4629,0.2547,0.000434,0.002071205,1.5038,6.3427,0.0012,0.0271
100,20,65550,2.5454545,2.027002288,0.665,1.4629,0.2547,0.000434,0.002071205,1.5038,6.3427,0.0012,0.0271
200,20,65550,2.5454545,2.027002288,0.665,1.4629,0.2547,0.000434,0.002071205,1.5038,6.3427,0.0012,0.0271
400,20,65550,2.5454545,2.027002288,0.665,1.4629,0.2547,0.000434,0.002071205,1.5038,6.3427,0.0012,0.0271
600,20,65550,2.5454545,2.027002288,0.665,1.4629,0.2547,0.000434,0.002071205,1.5038,6.3427,0.0012,0.0271
800,20,65550,2.5454545,2.027002288,0.665,1.4629,0.2547,0.000434,0.002071205,1.5038,6.3427,0.0012,0.0271
1000,20,65550,2.5454545,2.027002288,0.665,1.4629,0.2547,0.000434,0.002071205,1.5038,6.3427,0.0012,0.0271
10,2,1000,2.2,4.05,1.23,1.4439,0.3602,0.02178486,0.051481115,0.813,0.5069,0.0403,0.1279
50,2,1000,2.2,4.05,1.23,1.4439,0.3602,0.02178486,0.051481115,0.813,0.5069,0.0403,0.1279
100,2,1000,2.2,4.05,1.23,1.4439,0.3602,0.02178486,0.051481115,0.813,0.5069,0.0403,0.1279
200,2,1000,2.2,4.05,1.23,1.4439,0.3602,0.02178486,0.051481115,0.813,0.5069,0.0403,0.1279
400,2,1000,2.2,4.05,1.23,1.4439,0.3602,0.02178486,0.051481115,0.813,0.5069,0.0403,0.1279
600,2,1000,2.2,4.05,1.23,1.4439,0.3602,0.02178486,0.051481115,0.813,0.5069,0.0403,0.1279
800,2,1000,2.2,4.05,1.23,1.4439,0.3602,0.02178486,0.051481115,0.813,0.5069,0.0403,0.1279
1000,2,1000,2.2,4.05,1.23,1.4439,0.3602,0.02178486,0.051481115,0.813,0.5069,0.0403,0.1279
10,2,5000,1.8571428,3.036,0.528,1.3555,0.3749,0.012804705,0.037235348,1.8939,2.3125,0.0204,0.0873
50,2,5000,1.8571428,3.036,0.528,1.3555,0.3749,0.012804705,0.037235348,1.8939,2.3125,0.0204,0.0873
100,2,5000,1.8571428,3.036,0.528,1.3555,0.3749,0.012804705,0.037235348,1.8939,2.3125,0.0204,0.0873
200,2,5000,1.8571428,3.036,0.528,1.3555,0.3749,0.012804705,0.037235348,1.8939,2.3125,0.0204,0.0873
400,2,5000,1.8571428,3.036,0.528,1.3555,0.3749,0.012804705,0.037235348,1.8939,2.3125,0.0204,0.0873
600,2,5000,1.8571428,3.036,0.528,1.3555,0.3749,0.012804705,0.037235348,1.8939,2.3125,0.0204,0.0873
800,2,5000,1.8571428,3.036,0.528,1.3555,0.3749,0.012804705,0.037235348,1.8939,2.3125,0.0204,0.0873
1000,2,5000,1.8571428,3.036,0.528,1.3555,0.3749,0.012804705,0.037235348,1.8939,2.3125,0.0204,0.0873
10,2,10000,1.75,2.532,0.336,1.3136,0.3575,0.009617404,0.032795704,2.9762,4.2487,0.0165,0.0774
50,2,10000,1.75,2.532,0.336,1.3136,0.3575,0.009617404,0.032795704,2.9762,4.2487,0.0165,0.0774
100,2,10000,1.75,2.532,0.336,1.3136,0.3575,0.009617404,0.032795704,2.9762,4.2487,0.0165,0.0774
200,2,10000,1.75,2.532,0.336,1.3136,0.3575,0.009617404,0.032795704,2.9762,4.2487,0.0165,0.0774
400,2,10000,1.75,2.532,0.336,1.3136,0.3575,0.009617404,0.032795704,2.9762,4.2487,0.0165,0.0774
600,2,10000,1.75,2.532,0.336,1.3136,0.3575,0.009617404,0.032795704,2.9762,4.2487,0.0165,0.0774
800,2,10000,1.75,2.532,0.336,1.3136,0.3575,0.009617404,0.032795704,2.9762,4.2487,0.0165,0.0774
1000,2,10000,1.75,2.532,0.336,1.3136,0.3575,0.009617404,0.032795704,2.9762,4.2487,0.0165,0.0774
10,2,50000,1.6,1.0038,0.111,1.2265,0.3396,0.007704124,0.039864165,9.009,18.17,0.012,0.0549
50,2,50000,1.6,1.0038,0.111,1.2265,0.3396,0.007704124,0.039864165,9.009,18.17,0.012,0.0549
100,2,50000,1.6,1.0038,0.111,1.2265,0.3396,0.007704124,0.039864165,9.009,18.17,0.012,0.0549
200,2,50000,1.6,1.0038,0.111,1.2265,0.3396,0.007704124,0.039864165,9.009,18.17,0.012,0.0549
400,2,50000,1.6,1.0038,0.111,1.2265,0.3396,0.007704124,0.039864165,9.009,18.17,0.012,0.0549
600,2,50000,1.6,1.0038,0.111,1.2265,0.3396,0.007704124,0.039864165,9.009,18.17,0.012,0.0549
800,2,50000,1.6,1.0038,0.111,1.2265,0.3396,0.007704124,0.039864165,9.009,18.17,0.012,0.0549
1000,2,50000,1.6,1.0038,0.111,1.2265,0.3396,0.007704124,0.039864165,9.009,18.17,0.012,0.0549
10,10,1000,2.8,2.82,0.96,1.8125,0.6518,0.001517521,0.004162468,1.0417,1.4345,0.0433,0.1794
50,10,1000,2.8,2.82,0.96,1.8125,0.6518,0.001517521,0.004162468,1.0417,1.4345,0.0433,0.1794
100,10,1000,2.8,2.82,0.96,1.8125,0.6518,0.001517521,0.004162468,1.0417,1.4345,0.0433,0.1794
200,10,1000,2.8,2.82,0.96,1.8125,0.6518,0.001517521,0.004162468,1.0417,1.4345,0.0433,0.1794
400,10,1000,2.8,2.82,0.96,1.8125,0.6518,0.001517521,0.004162468,1.0417,1.4345,0.0433,0.1794
600,10,1000,2.8,2.82,0.96,1.8125,0.6518,0.001517521,0.004162468,1.0417,1.4345,0.0433,0.1794
800,10,1000,2.8,2.82,0.96,1.8125,0.6518,0.001517521,0.004162468,1.0417,1.4345,0.0433,0.1794
1000,10,1000,2.8,2.82,0.96,1.8125,0.6518,0.001517521,0.004162468,1.0417,1.4345,0.0433,0.1794
10,10,5000,2.857143,2.778,0.918,1.7049,0.4211,0.001049366,0.007728928,1.0893,1.6716,0.0086,0.0828
50,10,5000,2.857143,2.778,0.918,1.7049,0.4211,0.001049366,0.007728928,1.0893,1.6716,0.0086,0.0828
100,10,5000,2.857143,2.778,0.918,1.7049,0.4211,0.001049366,0.007728928,1.0893,1.6716,0.0086,0.0828
200,10,5000,2.857143,2.778,0.918,1.7049,0.4211,0.001049366,0.007728928,1.0893,1.6716,0.0086,0.0828
400,10,5000,2.857143,2.778,0.918,1.7049,0.4211,0.001049366,0.007728928,1.0893,1.6716,0.0086,0.0828
600,10,5000,2.857143,2.778,0.918,1.7049,0.4211,0.001049366,0.007728928,1.0893,1.6716,0.0086,0.0828
800,10,5000,2.857143,2.778,0.918,1.7049,0.4211,0.001049366,0.007728928,1.0893,1.6716,0.0086,0.0828
1000,10,5000,2.857143,2.778,0.918,1.7049,0.4211,0.001049366,0.007728928,1.0893,1.6716,0.0086,0.0828
10,10,10000,2.375,2.676,0.87,1.6043,0.3328,0.000578,0.005552173,1.1494,2.2758,0.0046,0.0603
50,10,10000,2.375,2.676,0.87,1.6043,0.3328,0.000578,0.005552173,1.1494,2.2758,0.0046,0.0603
100,10,10000,2.375,2.676,0.87,1.6043,0.3328,0.000578,0.005552173,1.1494,2.2758,0.0046,0.0603
200,10,10000,2.375,2.676,0.87,1.6043,0.3328,0.000578,0.005552173,1.1494,2.2758,0.0046,0.0603
400,10,10000,2.375,2.676,0.87,1.6043,0.3328,0.000578,0.005552173,1.1494,2.2758,0.0046,0.0603
600,10,10000,2.375,2.676,0.87,1.6043,0.3328,0.000578,0.005552173,1.1494,2.2758,0.0046,0.0603
800,10,10000,2.375,2.676,0.87,1.6043,0.3328,0.000578,0.005552173,1.1494,2.2758,0.0046,0.0603
1000,10,10000,2.375,2.676,0.87,1.6043,0.3328,0.000578,0.005552173,1.1494,2.2758,0.0046,0.0603
10,10,50000,2.4,1.7502,0.5682,1.5216,0.2829,0.000241,0.002423978,1.7599,6.2442,0.0015,0.0336
50,10,50000,2.4,1.7502,0.5682,1.5216,0.2829,0.000241,0.002423978,1.7599,6.2442,0.0015,0.0336
100,10,50000,2.4,1.7502,0.5682,1.5216,0.2829,0.000241,0.002423978,1.7599,6.2442,0.0015,0.0336
200,10,50000,2.4,1.7502,0.5682,1.5216,0.2829,0.000241,0.002423978,1.7599,6.2442,0.0015,0.0336
400,10,50000,2.4,1.7502,0.5682,1.5216,0.2829,0.000241,0.002423978,1.7599,6.2442,0.0015,0.0336
600,10,50000,2.4,1.7502,0.5682,1.5216,0.2829,0.000241,0.002423978,1.7599,6.2442,0.0015,0.0336
800,10,50000,2.4,1.7502,0.5682,1.5216,0.2829,0.000241,0.002423978,1.7599,6.2442,0.0015,0.0336
1000,10,50000,2.4,1.7502,0.5682,1.5216,0.2829,0.000241,0.002423978,1.7599,6.2442,0.0015,0.0336
10,20,1000,2.6,2.73,0.93,1.7097,0.5744,0.002066875,0.004251225,1.0753,1.193,0.0447,0.1821
50,20,1000,2.6,2.73,0.93,1.7097,0.5744,0.002066875,0.004251225,1.0753,1.193,0.0447,0.1821
100,20,1000,2.6,2.73,0.93,1.7097,0.5744,0.002066875,0.004251225,1.0753,1.193,0.0447,0.1821
200,20,1000,2.6,2.73,0.93,1.7097,0.5744,0.002066875,0.004251225,1.0753,1.193,0.0447,0.1821
400,20,1000,2.6,2.73,0.93,1.7097,0.5744,0.002066875,0.004251225,1.0753,1.193,0.0447,0.1821
600,20,1000,2.6,2.73,0.93,1.7097,0.5744,0.002066875,0.004251225,1.0753,1.193,0.0447,0.1821
800,20,1000,2.6,2.73,0.93,1.7097,0.5744,0.002066875,0.004251225,1.0753,1.193,0.0447,0.1821
1000,20,1000,2.6,2.73,0.93,1.7097,0.5744,0.002066875,0.004251225,1.0753,1.193,0.0447,0.1821
10,20,5000,2.7142856,2.784,0.924,1.7087,0.4066,0.00144115,0.007683096,1.0823,1.8996,0.0087,0.0825
50,20,5000,2.7142856,2.784,0.924,1.7087,0.4066,0.00144115,0.007683096,1.0823,1.8996,0.0087,0.0825
100,20,5000,2.7142856,2.784,0.924,1.7087,0.4066,0.00144115,0.007683096,1.0823,1.8996,0.0087,0.0825
200,20,5000,2.7142856,2.784,0.924,1.7087,0.4066,0.00144115,0.007683096,1.0823,1.8996,0.0087,0.0825
400,20,5000,2.7142856,2.784,0.924,1.7087,0.4066,0.00144115,0.007683096,1.0823,1.8996,0.0087,0.0825
600,20,5000,2.7142856,2.784,0.924,1.7087,0.4066,0.00144115,0.007683096,1.0823,1.8996,0.0087,0.0825
800,20,5000,2.7142856,2.784,0.924,1.7087,0.4066,0.00144115,0.007683096,1.0823,1.8996,0.0087,0.0825
1000,20,5000,2.7142856,2.784,0.924,1.7087,0.4066,0.00144115,0.007683096,1.0823,1.8996,0.0087,0.0825
10,20,10000,2.375,2.562,0.846,1.6104,0.3269,0.000944,0.005662659,1.182,2.9797,0.0049,0.0611
50,20,10000,2.375,2.562,0.846,1.6104,0.3269,0.000944,0.005662659,1.182,2.9797,0.0049,0.0611
100,20,10000,2.375,2.562,0.846,1.6104,0.3269,0.000944,0.005662659,1.182,2.9797,0.0049,0.0611
200,20,10000,2.375,2.562,0.846,1.6104,0.3269,0.000944,0.005662659,1.182,2.9797,0.0049,0.0611
400,20,10000,2.375,2.562,0.846,1.6104,0.3269,0.000944,0.005662659,1.182,2.9797,0.0049,0.0611
600,20,10000,2.375,2.562,0.846,1.6104,0.3269,0.000944,0.005662659,1.182,2.9797,0.0049,0.0611
800,20,10000,2.375,2.562,0.846,1.6104,0.3269,0.000944,0.005662659,1.182,2.9797,0.0049,0.0611
1000,20,10000,2.375,2.562,0.846,1.6104,0.3269,0.000944,0.005662659,1.182,2.9797,0.0049,0.0611
10,20,50000,2.6,1.794,0.5904,1.544,0.2863,0.000552,0.002499586,1.6938,5.848,0.0017,0.033
50,20,50000,2.6,1.794,0.5904,1.544,0.2863,0.000552,0.002499586,1.6938,5.848,0.0017,0.033
100,20,50000,2.6,1.794,0.5904,1.544,0.2863,0.000552,0.002499586,1.6938,5.848,0.0017,0.033
200,20,50000,2.6,1.794,0.5904,1.544,0.2863,0.000552,0.002499586,1.6938,5.848,0.0017,0.033
400,20,50000,2.6,1.794,0.5904,1.544,0.2863,0.000552,0.002499586,1.6938,5.848,0.0017,0.033
600,20,50000,2.6,1.794,0.5904,1.544,0.2863,0.000552,0.002499586,1.6938,5.848,0.0017,0.033
800,20,50000,2.6,1.794,0.5904,1.544,0.2863,0.000552,0.002499586,1.6938,5.848,0.0017,0.033
1000,20,50000,2.6,1.794,0.5904,1.544,0.2863,0.000552,0.002499586,1.6938,5.848,0.0017,0.033
10,23,53400,2.5,1.051123596,0.3466,1.5436,0.3097,0.001867639,0.014563488,2.8849,13.5396,0.0024,0.0273
50,23,53400,2.5,1.051123596,0.3466,1.5436,0.3097,0.001867639,0.014563488,2.8849,13.5396,0.0024,0.0273
100,23,53400,2.5,1.051123596,0.3466,1.5436,0.3097,0.001867639,0.014563488,2.8849,13.5396,0.0024,0.0273
200,23,53400,2.5,1.051123596,0.3466,1.5436,0.3097,0.001867639,0.014563488,2.8849,13.5396,0.0024,0.0273
400,23,53400,2.5,1.051123596,0.3466,1.5436,0.3097,0.001867639,0.014563488,2.8849,13.5396,0.0024,0.0273
600,23,53400,2.5,1.051123596,0.3466,1.5436,0.3097,0.001867639,0.014563488,2.8849,13.5396,0.0024,0.0273
800,23,53400,2.5,1.051123596,0.3466,1.5436,0.3097,0.001867639,0.014563488,2.8849,13.5396,0.0024,0.0273
1000,23,53400,2.5,1.051123596,0.3466,1.5436,0.3097,0.001867639,0.014563488,2.8849,13.5396,0.0024,0.0273
10,2,1000,2.6,3.42,1.14,1.5368,0.4568,0.017969218,0.0424606,0.8772,0.7479,0.028,0.1182
50,2,1000,2.6,3.42,1.14,1.5368,0.4568,0.017969218,0.0424606,0.8772,0.7479,0.028,0.1182
100,2,1000,2.6,3.42,1.14,1.5368,0.4568,0.017969218,0.0424606,0.8772,0.7479,0.028,0.1182
200,2,1000,2.6,3.42,1.14,1.5368,0.4568,0.017969218,0.0424606,0.8772,0.7479,0.028,0.1182
400,2,1000,2.6,3.42,1.14,1.5368,0.4568,0.017969218,0.0424606,0.8772,0.7479,0.028,0.1182
600,2,1000,2.6,3.42,1.14,1.5368,0.4568,0.017969218,0.0424606,0.8772,0.7479,0.028,0.1182
800,2,1000,2.6,3.42,1.14,1.5368,0.4568,0.017969218,0.0424606,0.8772,0.7479,0.028,0.1182
1000,2,1000,2.6,3.42,1.14,1.5368,0.4568,0.017969218,0.0424606,0.8772,0.7479,0.028,0.1182
10,2,5000,2.142857,3.234,1.026,1.482,0.3174,0.007908127,0.024245451,0.9747,1.4397,0.009,0.0539
50,2,5000,2.142857,3.234,1.026,1.482,0.3174,0.007908127,0.024245451,0.9747,1.4397,0.009,0.0539
100,2,5000,2.142857,3.234,1.026,1.482,0.3174,0.007908127,0.024245451,0.9747,1.4397,0.009,0.0539
200,2,5000,2.142857,3.234,1.026,1.482,0.3174,0.007908127,0.024245451,0.9747,1.4397,0.009,0.0539
400,2,5000,2.142857,3.234,1.026,1.482,0.3174,0.007908127,0.024245451,0.9747,1.4397,0.009,0.0539
600,2,5000,2.142857,3.234,1.026,1.482,0.3174,0.007908127,0.024245451,0.9747,1.4397,0.009,0.0539
800,2,5000,2.142857,3.234,1.026,1.482,0.3174,0.007908127,0.024245451,0.9747,1.4397,0.009,0.0539
1000,2,5000,2.142857,3.234,1.026,1.482,0.3174,0.007908127,0.024245451,0.9747,1.4397,0.009,0.0539
10,2,10000,2,2.883,0.891,1.3918,0.278,0.005479595,0.013601106,1.1223,2.107,0.0048,0.0145
50,2,10000,2,2.883,0.891,1.3918,0.278,0.005479595,0.013601106,1.1223,2.107,0.0048,0.0145
100,2,10000,2,2.883,0.891,1.3918,0.278,0.005479595,0.013601106,1.1223,2.107,0.0048,0.0145
200,2,10000,2,2.883,0.891,1.3918,0.278,0.005479595,0.013601106,1.1223,2.107,0.0048,0.0145
400,2,10000,2,2.883,0.891,1.3918,0.278,0.005479595,0.013601106,1.1223,2.107,0.0048,0.0145
600,2,10000,2,2.883,0.891,1.3918,0.278,0.005479595,0.013601106,1.1223,2.107,0.0048,0.0145
800,2,10000,2,2.883,0.891,1.3918,0.278,0.005479595,0.013601106,1.1223,2.107,0.0048,0.0145
1000,2,10000,2,2.883,0.891,1.3918,0.278,0.005479595,0.013601106,1.1223,2.107,0.0048,0.0145
10,2,50000,1.7,2.0634,0.5814,1.283,0.2258,0.002806802,0.005921168,1.72,6.0878,0.0029,0.0081
50,2,50000,1.7,2.0634,0.5814,1.283,0.2258,0.002806802,0.005921168,1.72,6.0878,0.0029,0.0081
100,2,50000,1.7,2.0634,0.5814,1.283,0.2258,0.002806802,0.005921168,1.72,6.0878,0.0029,0.0081
200,2,50000,1.7,2.0634,0.5814,1.283,0.2258,0.002806802,0.005921168,1.72,6.0878,0.0029,0.0081
400,2,50000,1.7,2.0634,0.5814,1.283,0.2258,0.002806802,0.005921168,1.72,6.0878,0.0029,0.0081
600,2,50000,1.7,2.0634,0.5814,1.283,0.2258,0.002806802,0.005921168,1.72,6.0878,0.0029,0.0081
800,2,50000,1.7,2.0634,0.5814,1.283,0.2258,0.002806802,0.005921168,1.72,6.0878,0.0029,0.0081
1000,2,50000,1.7,2.0634,0.5814,1.283,0.2258,0.002806802,0.005921168,1.72,6.0878,0.0029,0.0081
10,10,1000,3.2,3.51,1.17,1.7282,0.5931,0.022077307,0.053676977,0.8547,0.7052,0.0326,0.1185
50,10,1000,3.2,3.51,1.17,1.7282,0.5931,0.022077307,0.053676977,0.8547,0.7052,0.0326,0.1185
100,10,1000,3.2,3.51,1.17,1.7282,0.5931,0.022077307,0.053676977,0.8547,0.7052,0.0326,0.1185
200,10,1000,3.2,3.51,1.17,1.7282,0.5931,0.022077307,0.053676977,0.8547,0.7052,0.0326,0.1185
400,10,1000,3.2,3.51,1.17,1.7282,0.5931,0.022077307,0.053676977,0.8547,0.7052,0.0326,0.1185
600,10,1000,3.2,3.51,1.17,1.7282,0.5931,0.022077307,0.053676977,0.8547,0.7052,0.0326,0.1185
800,10,1000,3.2,3.51,1.17,1.7282,0.5931,0.022077307,0.053676977,0.8547,0.7052,0.0326,0.1185
1000,10,1000,3.2,3.51,1.17,1.7282,0.5931,0.022077307,0.053676977,0.8547,0.7052,0.0326,0.1185
10,10,5000,2.2857144,3.114,1.038,1.5607,0.3602,0.008781316,0.022451433,0.9634,1.6855,0.0064,0.024
50,10,5000,2.2857144,3.114,1.038,1.5607,0.3602,0.008781316,0.022451433,0.9634,1.6855,0.0064,0.024
100,10,5000,2.2857144,3.114,1.038,1.5607,0.3602,0.008781316,0.022451433,0.9634,1.6855,0.0064,0.024
200,10,5000,2.2857144,3.114,1.038,1.5607,0.3602,0.008781316,0.022451433,0.9634,1.6855,0.0064,0.024
400,10,5000,2.2857144,3.114,1.038,1.5607,0.3602,0.008781316,0.022451433,0.9634,1.6855,0.0064,0.024
600,10,5000,2.2857144,3.114,1.038,1.5607,0.3602,0.008781316,0.022451433,0.9634,1.6855,0.0064,0.024
800,10,5000,2.2857144,3.114,1.038,1.5607,0.3602,0.008781316,0.022451433,0.9634,1.6855,0.0064,0.024
1000,10,5000,2.2857144,3.114,1.038,1.5607,0.3602,0.008781316,0.022451433,0.9634,1.6855,0.0064,0.024
10,10,10000,2.375,2.844,0.942,1.4837,0.3406,0.006696028,0.014429211,1.0616,2.1587,0.005,0.0184
50,10,10000,2.375,2.844,0.942,1.4837,0.3406,0.006696028,0.014429211,1.0616,2.1587,0.005,0.0184
100,10,10000,2.375,2.844,0.942,1.4837,0.3406,0.006696028,0.014429211,1.0616,2.1587,0.005,0.0184
200,10,10000,2.375,2.844,0.942,1.4837,0.3406,0.006696028,0.014429211,1.0616,2.1587,0.005,0.0184
400,10,10000,2.375,2.844,0.942,1.4837,0.3406,0.006696028,0.014429211,1.0616,2.1587,0.005,0.0184
600,10,10000,2.375,2.844,0.942,1.4837,0.3406,0.006696028,0.014429211,1.0616,2.1587,0.005,0.0184
800,10,10000,2.375,2.844,0.942,1.4837,0.3406,0.006696028,0.014429211,1.0616,2.1587,0.005,0.0184
1000,10,10000,2.375,2.844,0.942,1.4837,0.3406,0.006696028,0.014429211,1.0616,2.1587,0.005,0.0184
10,10,50000,2.7,1.7316,0.5724,1.4737,0.3049,0.003101071,0.006879752,1.747,11.7835,0.0025,0.0097
50,10,50000,2.7,1.7316,0.5724,1.4737,0.3049,0.003101071,0.006879752,1.747,11.7835,0.0025,0.0097
100,10,50000,2.7,1.7316,0.5724,1.4737,0.3049,0.003101071,0.006879752,1.747,11.7835,0.0025,0.0097
200,10,50000,2.7,1.7316,0.5724,1.4737,0.3049,0.003101071,0.006879752,1.747,11.7835,0.0025,0.0097
400,10,50000,2.7,1.7316,0.5724,1.4737,0.3049,0.003101071,0.006879752,1.747,11.7835,0.0025,0.0097
600,10,50000,2.7,1.7316,0.5724,1.4737,0.3049,0.003101071,0.006879752,1.747,11.7835,0.0025,0.0097
800,10,50000,2.7,1.7316,0.5724,1.4737,0.3049,0.003101071,0.006879752,1.747,11.7835,0.0025,0.0097
1000,10,50000,2.7,1.7316,0.5724,1.4737,0.3049,0.003101071,0.006879752,1.747,11.7835,0.0025,0.0097
10,20,1000,2.6,3.54,1.2,1.725,0.549,0.021865861,0.05300641,0.8333,0.8135,0.0318,0.1171
50,20,1000,2.6,3.54,1.2,1.725,0.549,0.021865861,0.05300641,0.8333,0.8135,0.0318,0.1171
100,20,1000,2.6,3.54,1.2,1.725,0.549,0.021865861,0.05300641,0.8333,0.8135,0.0318,0.1171
200,20,1000,2.6,3.54,1.2,1.725,0.549,0.021865861,0.05300641,0.8333,0.8135,0.0318,0.1171
400,20,1000,2.6,3.54,1.2,1.725,0.549,0.021865861,0.05300641,0.8333,0.8135,0.0318,0.1171
600,20,1000,2.6,3.54,1.2,1.725,0.549,0.021865861,0.05300641,0.8333,0.8135,0.0318,0.1171
800,20,1000,2.6,3.54,1.2,1.725,0.549,0.021865861,0.05300641,0.8333,0.8135,0.0318,0.1171
1000,20,1000,2.6,3.54,1.2,1.725,0.549,0.021865861,0.05300641,0.8333,0.8135,0.0318,0.1171
10,20,5000,2.7142856,2.76,0.924,1.5427,0.4022,0.010477276,0.023855442,1.0823,3.1087,0.0072,0.0255
50,20,5000,2.7142856,2.76,0.924,1.5427,0.4022,0.010477276,0.023855442,1.0823,3.1087,0.0072,0.0255
100,20,5000,2.7142856,2.76,0.924,1.5427,0.4022,0.010477276,0.023855442,1.0823,3.1087,0.0072,0.0255
200,20,5000,2.7142856,2.76,0.924,1.5427,0.4022,0.010477276,0.023855442,1.0823,3.1087,0.0072,0.0255
400,20,5000,2.7142856,2.76,0.924,1.5427,0.4022,0.010477276,0.023855442,1.0823,3.1087,0.0072,0.0255
600,20,5000,2.7142856,2.76,0.924,1.5427,0.4022,0.010477276,0.023855442,1.0823,3.1087,0.0072,0.0255
800,20,5000,2.7142856,2.76,0.924,1.5427,0.4022,0.010477276,0.023855442,1.0823,3.1087,0.0072,0.0255
1000,20,5000,2.7142856,2.76,0.924,1.5427,0.4022,0.010477276,0.023855442,1.0823,3.1087,0.0072,0.0255
10,20,10000,2.5,2.871,0.951,1.5091,0.3592,0.007451998,0.016468661,1.0515,2.0677,0.0053,0.0188
50,20,10000,2.5,2.871,0.951,1.5091,0.3592,0.007451998,0.016468661,1.0515,2.0677,0.0053,0.0188
100,20,10000,2.5,2.871,0.951,1.5091,0.3592,0.007451998,0.016468661,1.0515,2.0677,0.0053,0.0188
200,20,10000,2.5,2.871,0.951,1.5091,0.3592,0.007451998,0.016468661,1.0515,2.0677,0.0053,0.0188
400,20,10000,2.5,2.871,0.951,1.5091,0.3592,0.007451998,0.016468661,1.0515,2.0677,0.0053,0.0188
600,20,10000,2.5,2.871,0.951,1.5091,0.3592,0.007451998,0.016468661,1.0515,2.0677,0.0053,0.0188
800,20,10000,2.5,2.871,0.951,1.5091,0.3592,0.007451998,0.016468661,1.0515,2.0677,0.0053,0.0188
1000,20,10000,2.5,2.871,0.951,1.5091,0.3592,0.007451998,0.016468661,1.0515,2.0677,0.0053,0.0188
10,20,50000,2.5,1.119,0.3714,1.5708,0.3279,0.001832417,0.014541003,2.6925,24.614,0.0024,0.0273
50,20,50000,2.5,1.119,0.3714,1.5708,0.3279,0.001832417,0.014541003,2.6925,24.614,0.0024,0.0273
100,20,50000,2.5,1.119,0.3714,1.5708,0.3279,0.001832417,0.014541003,2.6925,24.614,0.0024,0.0273
200,20,50000,2.5,1.119,0.3714,1.5708,0.3279,0.001832417,0.014541003,2.6925,24.614,0.0024,0.0273
400,20,50000,2.5,1.119,0.3714,1.5708,0.3279,0.001832417,0.014541003,2.6925,24.614,0.0024,0.0273
600,20,50000,2.5,1.119,0.3714,1.5708,0.3279,0.001832417,0.014541003,2.6925,24.614,0.0024,0.0273
800,20,50000,2.5,1.119,0.3714,1.5708,0.3279,0.001832417,0.014541003,2.6925,24.614,0.0024,0.0273
1000,20,50000,2.5,1.119,0.3714,1.5708,0.3279,0.001832417,0.014541003,2.6925,24.614,0.0024,0.0273
10,3,164860,1.9166666,3.780116462,1.2602,1.3341,0.1969,0.026269378,0.020313449,0.7935,0.5844,0.0154,0.0195
50,3,164860,1.9166666,3.780116462,1.2602,1.3341,0.1969,0.026269378,0.020313449,0.7935,0.5844,0.0154,0.0195
100,3,164860,1.9166666,3.780116462,1.2602,1.3341,0.1969,0.026269378,0.020313449,0.7935,0.5844,0.0154,0.0195
200,3,164860,1.9166666,3.780116462,1.2602,1.3341,0.1969,0.026269378,0.020313449,0.7935,0.5844,0.0154,0.0195
400,3,164860,1.9166666,3.780116462,1.2602,1.3341,0.1969,0.026269378,0.020313449,0.7935,0.5844,0.0154,0.0195
600,3,164860,1.9166666,3.780116462,1.2602,1.3341,0.1969,0.026269378,0.020313449,0.7935,0.5844,0.0154,0.0195
800,3,164860,1.9166666,3.780116462,1.2602,1.3341,0.1969,0.026269378,0.020313449,0.7935,0.5844,0.0154,0.0195
1000,3,164860,1.9166666,3.780116462,1.2602,1.3341,0.1969,0.026269378,0.020313449,0.7935,0.5844,0.0154,0.0195
10,2,1000,2.2,4.98,1.68,1.4464,0.3664,0.046513699,0.041524747,0.5952,0.255,0.0568,0.1301
50,2,1000,2.2,4.98,1.68,1.4464,0.3664,0.046513699,0.041524747,0.5952,0.255,0.0568,0.1301
100,2,1000,2.2,4.98,1.68,1.4464,0.3664,0.046513699,0.041524747,0.5952,0.255,0.0568,0.1301
200,2,1000,2.2,4.98,1.68,1.4464,0.3664,0.046513699,0.041524747,0.5952,0.255,0.0568,0.1301
400,2,1000,2.2,4.98,1.68,1.4464,0.3664,0.046513699,0.041524747,0.5952,0.255,0.0568,0.1301
600,2,1000,2.2,4.98,1.68,1.4464,0.3664,0.046513699,0.041524747,0.5952,0.255,0.0568,0.1301
800,2,1000,2.2,4.98,1.68,1.4464,0.3664,0.046513699,0.041524747,0.5952,0.255,0.0568,0.1301
1000,2,1000,2.2,4.98,1.68,1.4464,0.3664,0.046513699,0.041524747,0.5952,0.255,0.0568,0.1301
10,2,5000,2.142857,4.686,1.566,1.4247,0.3262,0.032565455,0.038900835,0.6386,0.314,0.0266,0.0391
50,2,5000,2.142857,4.686,1.566,1.4247,0.3262,0.032565455,0.038900835,0.6386,0.314,0.0266,0.0391
100,2,5000,2.142857,4.686,1.566,1.4247,0.3262,0.032565455,0.038900835,0.6386,0.314,0.0266,0.0391
200,2,5000,2.142857,4.686,1.566,1.4247,0.3262,0.032565455,0.038900835,0.6386,0.314,0.0266,0.0391
400,2,5000,2.142857,4.686,1.566,1.4247,0.3262,0.032565455,0.038900835,0.6386,0.314,0.0266,0.0391
600,2,5000,2.142857,4.686,1.566,1.4247,0.3262,0.032565455,0.038900835,0.6386,0.314,0.0266,0.0391
800,2,5000,2.142857,4.686,1.566,1.4247,0.3262,0.032565455,0.038900835,0.6386,0.314,0.0266,0.0391
1000,2,5000,2.142857,4.686,1.566,1.4247,0.3262,0.032565455,0.038900835,0.6386,0.314,0.0266,0.0391
10,2,10000,1.875,4.719,1.575,1.3688,0.2597,0.025741192,0.027287691,0.6349,0.2541,0.0195,0.0285
50,2,10000,1.875,4.719,1.575,1.3688,0.2597,0.025741192,0.027287691,0.6349,0.2541,0.0195,0.0285
100,2,10000,1.875,4.719,1.575,1.3688,0.2597,0.025741192,0.027287691,0.6349,0.2541,0.0195,0.0285
200,2,10000,1.875,4.719,1.575,1.3688,0.2597,0.025741192,0.027287691,0.6349,0.2541,0.0195,0.0285
400,2,10000,1.875,4.719,1.575,1.3688,0.2597,0.025741192,0.027287691,0.6349,0.2541,0.0195,0.0285
600,2,10000,1.875,4.719,1.575,1.3688,0.2597,0.025741192,0.027287691,0.6349,0.2541,0.0195,0.0285
800,2,10000,1.875,4.719,1.575,1.3688,0.2597,0.025741192,0.027287691,0.6349,0.2541,0.0195,0.0285
1000,2,10000,1.875,4.719,1.575,1.3688,0.2597,0.025741192,0.027287691,0.6349,0.2541,0.0195,0.0285
10,2,50000,1.8,4.5204,1.5072,1.2818,0.1649,0.013165701,0.017427027,0.6635,0.2157,0.009,0.0147
50,2,50000,1.8,4.5204,1.5072,1.2818,0.1649,0.013165701,0.017427027,0.6635,0.2157,0.009,0.0147
100,2,50000,1.8,4.5204,1.5072,1.2818,0.1649,0.013165701,0.017427027,0.6635,0.2157,0.009,0.0147
200,2,50000,1.8,4.5204,1.5072,1.2818,0.1649,0.013165701,0.017427027,0.6635,0.2157,0.009,0.0147
400,2,50000,1.8,4.5204,1.5072,1.2818,0.1649,0.013165701,0.017427027,0.6635,0.2157,0.009,0.0147
600,2,50000,1.8,4.5204,1.5072,1.2818,0.1649,0.013165701,0.017427027,0.6635,0.2157,0.009,0.0147
800,2,50000,1.8,4.5204,1.5072,1.2818,0.1649,0.013165701,0.017427027,0.6635,0.2157,0.009,0.0147
1000,2,50000,1.8,4.5204,1.5072,1.2818,0.1649,0.013165701,0.017427027,0.6635,0.2157,0.009,0.0147
10,2,100000,1.7272727,4.4508,1.4838,1.2919,0.1527,0.009411838,0.011774613,0.6739,0.2093,0.0064,0.0107
50,2,100000,1.7272727,4.4508,1.4838,1.2919,0.1527,0.009411838,0.011774613,0.6739,0.2093,0.0064,0.0107
100,2,100000,1.7272727,4.4508,1.4838,1.2919,0.1527,0.009411838,0.011774613,0.6739,0.2093,0.0064,0.0107
200,2,100000,1.7272727,4.4508,1.4838,1.2919,0.1527,0.009411838,0.011774613,0.6739,0.2093,0.0064,0.0107
400,2,100000,1.7272727,4.4508,1.4838,1.2919,0.1527,0.009411838,0.011774613,0.6739,0.2093,0.0064,0.0107
600,2,100000,1.7272727,4.4508,1.4838,1.2919,0.1527,0.009411838,0.011774613,0.6739,0.2093,0.0064,0.0107
800,2,100000,1.7272727,4.4508,1.4838,1.2919,0.1527,0.009411838,0.011774613,0.6739,0.2093,0.0064,0.0107
1000,2,100000,1.7272727,4.4508,1.4838,1.2919,0.1527,0.009411838,0.011774613,0.6739,0.2093,0.0064,0.0107
10,57,4601,3.7142856,2.471201913,0.8281,1.7807,0.6132,0.008717774,0.044841591,1.2076,1.9285,0.0097,0.0616
50,57,4601,3.7142856,2.471201913,0.8281,1.7807,0.6132,0.008717774,0.044841591,1.2076,1.9285,0.0097,0.0616
100,57,4601,3.7142856,2.471201913,0.8281,1.7807,0.6132,0.008717774,0.044841591,1.2076,1.9285,0.0097,0.0616
200,57,4601,3.7142856,2.471201913,0.8281,1.7807,0.6132,0.008717774,0.044841591,1.2076,1.9285,0.0097,0.0616
400,57,4601,3.7142856,2.471201913,0.8281,1.7807,0.6132,0.008717774,0.044841591,1.2076,1.9285,0.0097,0.0616
600,57,4601,3.7142856,2.471201913,0.8281,1.7807,0.6132,0.008717774,0.044841591,1.2076,1.9285,0.0097,0.0616
800,57,4601,3.7142856,2.471201913,0.8281,1.7807,0.6132,0.008717774,0.044841591,1.2076,1.9285,0.0097,0.0616
1000,57,4601,3.7142856,2.471201913,0.8281,1.7807,0.6132,0.008717774,0.044841591,1.2076,1.9285,0.0097,0.0616
10,2,1000,2.2,2.7,0.9,1.2533,0.3757,0.065269855,0.075928466,1.1111,2.9525,0.074,0.1318
50,2,1000,2.2,2.7,0.9,1.2533,0.3757,0.065269855,0.075928466,1.1111,2.9525,0.074,0.1318
100,2,1000,2.2,2.7,0.9,1.2533,0.3757,0.065269855,0.075928466,1.1111,2.9525,0.074,0.1318
200,2,1000,2.2,2.7,0.9,1.2533,0.3757,0.065269855,0.075928466,1.1111,2.9525,0.074,0.1318
400,2,1000,2.2,2.7,0.9,1.2533,0.3757,0.065269855,0.075928466,1.1111,2.9525,0.074,0.1318
600,2,1000,2.2,2.7,0.9,1.2533,0.3757,0.065269855,0.075928466,1.1111,2.9525,0.074,0.1318
800,2,1000,2.2,2.7,0.9,1.2533,0.3757,0.065269855,0.075928466,1.1111,2.9525,0.074,0.1318
1000,2,1000,2.2,2.7,0.9,1.2533,0.3757,0.065269855,0.075928466,1.1111,2.9525,0.074,0.1318
10,10,1000,4.2,5.04,1.68,1.975,0.733,0.030971132,0.024257755,0.5952,0.61,0.0423,0.1333
50,10,1000,4.2,5.04,1.68,1.975,0.733,0.030971132,0.024257755,0.5952,0.61,0.0423,0.1333
100,10,1000,4.2,5.04,1.68,1.975,0.733,0.030971132,0.024257755,0.5952,0.61,0.0423,0.1333
200,10,1000,4.2,5.04,1.68,1.975,0.733,0.030971132,0.024257755,0.5952,0.61,0.0423,0.1333
400,10,1000,4.2,5.04,1.68,1.975,0.733,0.030971132,0.024257755,0.5952,0.61,0.0423,0.1333
600,10,1000,4.2,5.04,1.68,1.975,0.733,0.030971132,0.024257755,0.5952,0.61,0.0423,0.1333
800,10,1000,4.2,5.04,1.68,1.975,0.733,0.030971132,0.024257755,0.5952,0.61,0.0423,0.1333
1000,10,1000,4.2,5.04,1.68,1.975,0.733,0.030971132,0.024257755,0.5952,0.61,0.0423,0.1333
10,20,1000,3.8,4.08,1.38,2.0435,0.8329,0.06856418,0.051954033,0.7246,1.0127,0.0645,0.1476
50,20,1000,3.8,4.08,1.38,2.0435,0.8329,0.06856418,0.051954033,0.7246,1.0127,0.0645,0.1476
100,20,1000,3.8,4.08,1.38,2.0435,0.8329,0.06856418,0.051954033,0.7246,1.0127,0.0645,0.1476
200,20,1000,3.8,4.08,1.38,2.0435,0.8329,0.06856418,0.051954033,0.7246,1.0127,0.0645,0.1476
400,20,1000,3.8,4.08,1.38,2.0435,0.8329,0.06856418,0.051954033,0.7246,1.0127,0.0645,0.1476
600,20,1000,3.8,4.08,1.38,2.0435,0.8329,0.06856418,0.051954033,0.7246,1.0127,0.0645,0.1476
800,20,1000,3.8,4.08,1.38,2.0435,0.8329,0.06856418,0.051954033,0.7246,1.0127,0.0645,0.1476
1000,20,1000,3.8,4.08,1.38,2.0435,0.8329,0.06856418,0.051954033,0.7246,1.0127,0.0645,0.1476
10,30,1000,2.8,3.45,1.17,1.7949,0.6633,0.083931963,0.06504793,0.8547,1.3822,0.1058,0.1693
50,30,1000,2.8,3.45,1.17,1.7949,0.6633,0.083931963,0.06504793,0.8547,1.3822,0.1058,0.1693
100,30,1000,2.8,3.45,1.17,1.7949,0.6633,0.083931963,0.06504793,0.8547,1.3822,0.1058,0.1693
200,30,1000,2.8,3.45,1.17,1.7949,0.6633,0.083931963,0.06504793,0.8547,1.3822,0.1058,0.1693
400,30,1000,2.8,3.45,1.17,1.7949,0.6633,0.083931963,0.06504793,0.8547,1.3822,0.1058,0.1693
600,30,1000,2.8,3.45,1.17,1.7949,0.6633,0.083931963,0.06504793,0.8547,1.3822,0.1058,0.1693
800,30,1000,2.8,3.45,1.17,1.7949,0.6633,0.083931963,0.06504793,0.8547,1.3822,0.1058,0.1693
1000,30,1000,2.8,3.45,1.17,1.7949,0.6633,0.083931963,0.06504793,0.8547,1.3822,0.1058,0.1693
10,40,1000,2.6,2.82,0.96,1.6375,0.6274,0.10361263,0.06343913,1.0417,1.5405,0.1121,0.1841
50,40,1000,2.6,2.82,0.96,1.6375,0.6274,0.10361263,0.06343913,1.0417,1.5405,0.1121,0.1841
100,40,1000,2.6,2.82,0.96,1.6375,0.6274,0.10361263,0.06343913,1.0417,1.5405,0.1121,0.1841
200,40,1000,2.6,2.82,0.96,1.6375,0.6274,0.10361263,0.06343913,1.0417,1.5405,0.1121,0.1841
400,40,1000,2.6,2.82,0.96,1.6375,0.6274,0.10361263,0.06343913,1.0417,1.5405,0.1121,0.1841
600,40,1000,2.6,2.82,0.96,1.6375,0.6274,0.10361263,0.06343913,1.0417,1.5405,0.1121,0.1841
800,40,1000,2.6,2.82,0.96,1.6375,0.6274,0.10361263,0.06343913,1.0417,1.5405,0.1121,0.1841
1000,40,1000,2.6,2.82,0.96,1.6375,0.6274,0.10361263,0.06343913,1.0417,1.5405,0.1121,0.1841
10,50,1000,2.6,3,1.02,1.6882,0.6457,0.096236158,0.062492164,0.9804,1.5914,0.1071,0.1772
50,50,1000,2.6,3,1.02,1.6882,0.6457,0.096236158,0.062492164,0.9804,1.5914,0.1071,0.1772
100,50,1000,2.6,3,1.02,1.6882,0.6457,0.096236158,0.062492164,0.9804,1.5914,0.1071,0.1772
200,50,1000,2.6,3,1.02,1.6882,0.6457,0.096236158,0.062492164,0.9804,1.5914,0.1071,0.1772
400,50,1000,2.6,3,1.02,1.6882,0.6457,0.096236158,0.062492164,0.9804,1.5914,0.1071,0.1772
600,50,1000,2.6,3,1.02,1.6882,0.6457,0.096236158,0.062492164,0.9804,1.5914,0.1071,0.1772
800,50,1000,2.6,3,1.02,1.6882,0.6457,0.096236158,0.062492164,0.9804,1.5914,0.1071,0.1772
1000,50,1000,2.6,3,1.02,1.6882,0.6457,0.096236158,0.062492164,0.9804,1.5914,0.1071,0.1772
10,10,14500,2.75,0.194482759,0.0662,1.6719,0.7647,0.013385322,0.028533524,15.1042,65.4992,0.0572,0.1873
50,10,14500,2.75,0.194482759,0.0662,1.6719,0.7647,0.013385322,0.028533524,15.1042,65.4992,0.0572,0.1873
100,10,14500,2.75,0.194482759,0.0662,1.6719,0.7647,0.013385322,0.028533524,15.1042,65.4992,0.0572,0.1873
200,10,14500,2.75,0.194482759,0.0662,1.6719,0.7647,0.013385322,0.028533524,15.1042,65.4992,0.0572,0.1873
400,10,14500,2.75,0.194482759,0.0662,1.6719,0.7647,0.013385322,0.028533524,15.1042,65.4992,0.0572,0.1873
600,10,14500,2.75,0.194482759,0.0662,1.6719,0.7647,0.013385322,0.028533524,15.1042,65.4992,0.0572,0.1873
800,10,14500,2.75,0.194482759,0.0662,1.6719,0.7647,0.013385322,0.028533524,15.1042,65.4992,0.0572,0.1873
1000,10,14500,2.75,0.194482759,0.0662,1.6719,0.7647,0.013385322,0.028533524,15.1042,65.4992,0.0572,0.1873
10,2,1000,2.6,4.05,1.29,1.5721,0.4697,0.001071665,0.001024693,0.7752,1.0481,0.0254,0.1505
50,2,1000,2.6,4.05,1.29,1.5721,0.4697,0.001071665,0.001024693,0.7752,1.0481,0.0254,0.1505
100,2,1000,2.6,4.05,1.29,1.5721,0.4697,0.001071665,0.001024693,0.7752,1.0481,0.0254,0.1505
200,2,1000,2.6,4.05,1.29,1.5721,0.4697,0.001071665,0.001024693,0.7752,1.0481,0.0254,0.1505
400,2,1000,2.6,4.05,1.29,1.5721,0.4697,0.001071665,0.001024693,0.7752,1.0481,0.0254,0.1505
600,2,1000,2.6,4.05,1.29,1.5721,0.4697,0.001071665,0.001024693,0.7752,1.0481,0.0254,0.1505
800,2,1000,2.6,4.05,1.29,1.5721,0.4697,0.001071665,0.001024693,0.7752,1.0481,0.0254,0.1505
1000,2,1000,2.6,4.05,1.29,1.5721,0.4697,0.001071665,0.001024693,0.7752,1.0481,0.0254,0.1505
10,2,5000,2.4285715,1.458,0.474,1.6962,0.4279,0.005585562,0.033840856,2.1097,4.2019,0.0166,0.0922
50,2,5000,2.4285715,1.458,0.474,1.6962,0.4279,0.005585562,0.033840856,2.1097,4.2019,0.0166,0.0922
100,2,5000,2.4285715,1.458,0.474,1.6962,0.4279,0.005585562,0.033840856,2.1097,4.2019,0.0166,0.0922
200,2,5000,2.4285715,1.458,0.474,1.6962,0.4279,0.005585562,0.033840856,2.1097,4.2019,0.0166,0.0922
400,2,5000,2.4285715,1.458,0.474,1.6962,0.4279,0.005585562,0.033840856,2.1097,4.2019,0.0166,0.0922
600,2,5000,2.4285715,1.458,0.474,1.6962,0.4279,0.005585562,0.033840856,2.1097,4.2019,0.0166,0.0922
800,2,5000,2.4285715,1.458,0.474,1.6962,0.4279,0.005585562,0.033840856,2.1097,4.2019,0.0166,0.0922
1000,2,5000,2.4285715,1.458,0.474,1.6962,0.4279,0.005585562,0.033840856,2.1097,4.2019,0.0166,0.0922
10,2,10000,2.375,0.972,0.312,1.6034,0.3858,0.006477409,0.042955566,3.2051,7.7117,0.015,0.0797
50,2,10000,2.375,0.972,0.312,1.6034,0.3858,0.006477409,0.042955566,3.2051,7.7117,0.015,0.0797
100,2,10000,2.375,0.972,0.312,1.6034,0.3858,0.006477409,0.042955566,3.2051,7.7117,0.015,0.0797
200,2,10000,2.375,0.972,0.312,1.6034,0.3858,0.006477409,0.042955566,3.2051,7.7117,0.015,0.0797
400,2,10000,2.375,0.972,0.312,1.6034,0.3858,0.006477409,0.042955566,3.2051,7.7117,0.015,0.0797
600,2,10000,2.375,0.972,0.312,1.6034,0.3858,0.006477409,0.042955566,3.2051,7.7117,0.015,0.0797
800,2,10000,2.375,0.972,0.312,1.6034,0.3858,0.006477409,0.042955566,3.2051,7.7117,0.015,0.0797
1000,2,10000,2.375,0.972,0.312,1.6034,0.3858,0.006477409,0.042955566,3.2051,7.7117,0.015,0.0797
10,10,1000,3,3.09,1.05,1.92,0.668,0.001927005,0.001469325,0.9524,0.9902,0.0363,0.1674
50,10,1000,3,3.09,1.05,1.92,0.668,0.001927005,0.001469325,0.9524,0.9902,0.0363,0.1674
100,10,1000,3,3.09,1.05,1.92,0.668,0.001927005,0.001469325,0.9524,0.9902,0.0363,0.1674
200,10,1000,3,3.09,1.05,1.92,0.668,0.001927005,0.001469325,0.9524,0.9902,0.0363,0.1674
400,10,1000,3,3.09,1.05,1.92,0.668,0.001927005,0.001469325,0.9524,0.9902,0.0363,0.1674
600,10,1000,3,3.09,1.05,1.92,0.668,0.001927005,0.001469325,0.9524,0.9902,0.0363,0.1674
800,10,1000,3,3.09,1.05,1.92,0.668,0.001927005,0.001469325,0.9524,0.9902,0.0363,0.1674
1000,10,1000,3,3.09,1.05,1.92,0.668,0.001927005,0.001469325,0.9524,0.9902,0.0363,0.1674
10,10,5000,3.142857,1.914,0.642,1.9266,0.5343,0.003112238,0.01095308,1.5576,2.8194,0.0152,0.098
50,10,5000,3.142857,1.914,0.642,1.9266,0.5343,0.003112238,0.01095308,1.5576,2.8194,0.0152,0.098
100,10,5000,3.142857,1.914,0.642,1.9266,0.5343,0.003112238,0.01095308,1.5576,2.8194,0.0152,0.098
200,10,5000,3.142857,1.914,0.642,1.9266,0.5343,0.003112238,0.01095308,1.5576,2.8194,0.0152,0.098
400,10,5000,3.142857,1.914,0.642,1.9266,0.5343,0.003112238,0.01095308,1.5576,2.8194,0.0152,0.098
600,10,5000,3.142857,1.914,0.642,1.9266,0.5343,0.003112238,0.01095308,1.5576,2.8194,0.0152,0.098
800,10,5000,3.142857,1.914,0.642,1.9266,0.5343,0.003112238,0.01095308,1.5576,2.8194,0.0152,0.098
1000,10,5000,3.142857,1.914,0.642,1.9266,0.5343,0.003112238,0.01095308,1.5576,2.8194,0.0152,0.098
10,10,10000,2.875,1.128,0.378,1.8671,0.5046,0.004907735,0.019544852,2.6455,4.6783,0.0143,0.0921
50,10,10000,2.875,1.128,0.378,1.8671,0.5046,0.004907735,0.019544852,2.6455,4.6783,0.0143,0.0921
100,10,10000,2.875,1.128,0.378,1.8671,0.5046,0.004907735,0.019544852,2.6455,4.6783,0.0143,0.0921
200,10,10000,2.875,1.128,0.378,1.8671,0.5046,0.004907735,0.019544852,2.6455,4.6783,0.0143,0.0921
400,10,10000,2.875,1.128,0.378,1.8671,0.5046,0.004907735,0.019544852,2.6455,4.6783,0.0143,0.0921
600,10,10000,2.875,1.128,0.378,1.8671,0.5046,0.004907735,0.019544852,2.6455,4.6783,0.0143,0.0921
800,10,10000,2.875,1.128,0.378,1.8671,0.5046,0.004907735,0.019544852,2.6455,4.6783,0.0143,0.0921
1000,10,10000,2.875,1.128,0.378,1.8671,0.5046,0.004907735,0.019544852,2.6455,4.6783,0.0143,0.0921